INSERT INTO users (id, phone, password, roles, created_at) VALUES ('088e8a07-e365-4955-99f2-894c77fcd5d4', '13800138000', 'scrypt:32768:8:1$B8YlwGCLpFC1CWCo$86200c88a824e8b664980940f5b6a095498fcbf0b4d9a96d4e404dfe2ff57a70a11e7c8b37addbbd6acff8915f09e284d05e4a4e4d4acbca0c6f421ff0ed83f2', '["job_seeker", "company"]', '2026-04-19 13:48:49.458094');
SET IDENTITY_INSERT resumes ON;
INSERT INTO resumes (id, resume_name, filename, filepath, user_id, name, phone, email, education, experience, skills, created_at) VALUES (1, '简历1', '测试简历.docx', './uploads\\测试简历.docx', '088e8a07-e365-4955-99f2-894c77fcd5d4', '张三', '13800138000', 'zhangsan@test.com', '本科', '未知', '["Python", "Java", "C++", "JavaScript", "R", "Vue", "Spring", "MySQL", "Docker", "Git", "iOS"]', '2026-04-19 15:16:01.094543');
INSERT INTO resumes (id, resume_name, filename, filepath, user_id, name, phone, email, education, experience, skills, created_at) VALUES (2, '简历2', '测试简历.docx', './uploads\\测试简历.docx', '088e8a07-e365-4955-99f2-894c77fcd5d4', '张三', '13800138000', 'zhangsan@test.com', '本科', '未知', '["Python", "Java", "C++", "JavaScript", "R", "Vue", "Spring", "MySQL", "Docker", "Git", "iOS"]', '2026-04-19 15:22:02.913574');
INSERT INTO resumes (id, resume_name, filename, filepath, user_id, name, phone, email, education, experience, skills, created_at) VALUES (3, '简历3', '测试简历.docx', './uploads\\测试简历.docx', '088e8a07-e365-4955-99f2-894c77fcd5d4', '张三', '13800138000', 'zhangsan@test.com', '本科', '未知', '["Python", "Java", "C++", "JavaScript", "R", "Vue", "Spring", "MySQL", "Docker", "Git", "iOS"]', '2026-04-19 15:42:57.634200');
INSERT INTO resumes (id, resume_name, filename, filepath, user_id, name, phone, email, education, experience, skills, created_at) VALUES (4, '简历4', '测试简历.docx', './uploads\\测试简历.docx', '088e8a07-e365-4955-99f2-894c77fcd5d4', '张三', '13800138000', 'zhangsan@test.com', '本科', '未知', '["Python", "Java", "C++", "JavaScript", "R", "Vue", "Spring", "MySQL", "Docker", "Git", "iOS"]', '2026-04-19 15:45:26.932334');
INSERT INTO resumes (id, resume_name, filename, filepath, user_id, name, phone, email, education, experience, skills, created_at) VALUES (5, '简历5', '测试简历.docx', './uploads\\测试简历.docx', '088e8a07-e365-4955-99f2-894c77fcd5d4', '张三', '13800138000', 'zhangsan@test.com', '本科', '未知', '["Python", "Java", "C++", "JavaScript", "R", "Vue", "Spring", "MySQL", "Docker", "Git", "iOS"]', '2026-04-19 16:00:33.978416');
INSERT INTO resumes (id, resume_name, filename, filepath, user_id, name, phone, email, education, experience, skills, created_at) VALUES (6, '测试', '测试简历.docx', './uploads\\测试简历.docx', '088e8a07-e365-4955-99f2-894c77fcd5d4', '张三', '13800138000', 'zhangsan@test.com', '本科', '未知', '["Python", "Java", "C++", "JavaScript", "R", "Vue", "Spring", "MySQL", "Docker", "Git", "iOS"]', '2026-04-19 17:14:59.185788');
INSERT INTO resumes (id, resume_name, filename, filepath, user_id, name, phone, email, education, experience, skills, created_at) VALUES (7, '测试简历', '测试简历.docx', './uploads\\测试简历.docx', '088e8a07-e365-4955-99f2-894c77fcd5d4', '张三', '13800138000', 'zhangsan@test.com', '本科', '未知', '["Python", "Java", "C++", "JavaScript", "R", "Vue", "Spring", "MySQL", "Docker", "Git", "iOS"]', '2026-04-19 22:21:51.656447');
INSERT INTO resumes (id, resume_name, filename, filepath, user_id, name, phone, email, education, experience, skills, created_at) VALUES (8, '111', '测试简历.docx', './uploads\\测试简历.docx', '088e8a07-e365-4955-99f2-894c77fcd5d4', '张三', '13800138000', 'zhangsan@test.com', '本科', '未知', '["Python", "Java", "C++", "JavaScript", "R", "Vue", "Spring", "MySQL", "Docker", "Git", "iOS"]', '2026-04-19 22:24:18.769630');
INSERT INTO resumes (id, resume_name, filename, filepath, user_id, name, phone, email, education, experience, skills, created_at) VALUES (9, '测试', '测试简历.docx', './uploads\\测试简历.docx', '088e8a07-e365-4955-99f2-894c77fcd5d4', '张三', '13800138000', 'zhangsan@test.com', '本科', '未知', '["Python", "Java", "C++", "JavaScript", "R", "Vue", "Spring", "MySQL", "Docker", "Git", "iOS"]', '2026-04-19 22:35:38.367753');
INSERT INTO resumes (id, resume_name, filename, filepath, user_id, name, phone, email, education, experience, skills, created_at) VALUES (10, '测试', '测试简历.docx', './uploads\\测试简历.docx', '088e8a07-e365-4955-99f2-894c77fcd5d4', '张三', '13800138000', 'zhangsan@test.com', '本科', '未知', '["Python", "Java", "C++", "JavaScript", "R", "Vue", "Spring", "MySQL", "Docker", "Git", "iOS"]', '2026-04-19 22:51:57.069282');
SET IDENTITY_INSERT resumes OFF;
SET IDENTITY_INSERT jobs ON;
INSERT INTO jobs (id, job_name, job_desc, salary, location, work_hours, education_requirement, experience_requirement, recruitment_count, department, job_type, benefits, user_id, created_at) VALUES (1, '高级 Python 后端工程师', '熟练掌握 Python 语言，有扎实的语法基础，熟悉 FastAPI 框架开发
熟悉 MySQL 数据库，能独立完成 SQL 编写、索引优化与性能调优
了解 NLP 或大模型应用开发，有简历解析、文本匹配相关项目经验优先', '20K-30K・14 薪', '', '', '', '', '', '', '', '', '088e8a07-e365-4955-99f2-894c77fcd5d4', '2026-04-19 15:06:40.057589');
INSERT INTO jobs (id, job_name, job_desc, salary, location, work_hours, education_requirement, experience_requirement, recruitment_count, department, job_type, benefits, user_id, created_at) VALUES (2, '高级 Python 后端工程师', '熟练掌握 Python 语言，有扎实的语法基础，熟悉 FastAPI 框架开发
熟悉 MySQL 数据库，能独立完成 SQL 编写、索引优化与性能调优
了解 NLP 或大模型应用开发，有简历解析、文本匹配相关项目经验优先', '20K-30K・14 薪', '', '', '', '', '', '', '', '', '088e8a07-e365-4955-99f2-894c77fcd5d4', '2026-04-19 15:13:17.962967');
INSERT INTO jobs (id, job_name, job_desc, salary, location, work_hours, education_requirement, experience_requirement, recruitment_count, department, job_type, benefits, user_id, created_at) VALUES (3, '高级 Python 后端工程师', '熟练掌握 Python 语言，有扎实的语法基础，熟悉 FastAPI 框架开发
熟悉 MySQL 数据库，能独立完成 SQL 编写、索引优化与性能调优
了解 NLP 或大模型应用开发，有简历解析、文本匹配相关项目经验优先', '20K-30K・14 薪', '', '', '', '', '', '', '', '', '088e8a07-e365-4955-99f2-894c77fcd5d4', '2026-04-19 15:14:59.722050');
INSERT INTO jobs (id, job_name, job_desc, salary, location, work_hours, education_requirement, experience_requirement, recruitment_count, department, job_type, benefits, user_id, created_at) VALUES (4, '高级 Python 后端工程师', '熟练掌握 Python 语言，有扎实的语法基础，熟悉 FastAPI 框架开发
熟悉 MySQL 数据库，能独立完成 SQL 编写、索引优化与性能调优
了解 NLP 或大模型应用开发，有简历解析、文本匹配相关项目经验优先', '20K-30K・14 薪', '', '', '', '', '', '', '', '', '088e8a07-e365-4955-99f2-894c77fcd5d4', '2026-04-20 20:44:36.796699');
SET IDENTITY_INSERT jobs OFF;
SET IDENTITY_INSERT matches ON;
INSERT INTO matches (id, resume_id, job_id, match_score, match_tags, gap_tags, ability_graph, created_at) VALUES (1, 1, 1, 0, '[]', '["mysql", "python", "nlp"]', '{"indicator": [{"name": "\\u6280\\u80fd\\u5339\\u914d\\u5ea6", "max": 100}, {"name": "\\u5b66\\u5386\\u5339\\u914d\\u5ea6", "max": 100}, {"name": "\\u7ecf\\u9a8c\\u5339\\u914d\\u5ea6", "max": 100}, {"name": "\\u4e13\\u4e1a\\u5339\\u914d\\u5ea6", "max": 100}, {"name": "\\u7efc\\u5408\\u5339\\u914d\\u5ea6", "max": 100}], "data": [{"value": [0, 80, 75, 85, 0], "name": "\\u7b80\\u5386\\u4e0e\\u5c97\\u4f4d\\u5339\\u914d\\u5ea6"}]}', '2026-04-19 15:16:11.711811');
INSERT INTO matches (id, resume_id, job_id, match_score, match_tags, gap_tags, ability_graph, created_at) VALUES (2, 1, 2, 0, '[]', '["python", "mysql", "nlp"]', '{"indicator": [{"name": "\\u6280\\u80fd\\u5339\\u914d\\u5ea6", "max": 100}, {"name": "\\u5b66\\u5386\\u5339\\u914d\\u5ea6", "max": 100}, {"name": "\\u7ecf\\u9a8c\\u5339\\u914d\\u5ea6", "max": 100}, {"name": "\\u4e13\\u4e1a\\u5339\\u914d\\u5ea6", "max": 100}, {"name": "\\u7efc\\u5408\\u5339\\u914d\\u5ea6", "max": 100}], "data": [{"value": [0, 80, 75, 85, 0], "name": "\\u7b80\\u5386\\u4e0e\\u5c97\\u4f4d\\u5339\\u914d\\u5ea6"}]}', '2026-04-19 15:43:14.545940');
INSERT INTO matches (id, resume_id, job_id, match_score, match_tags, gap_tags, ability_graph, created_at) VALUES (3, 5, 1, 0, '[]', '["python", "mysql", "nlp"]', '{"indicator": [{"name": "\\u6280\\u80fd\\u5339\\u914d\\u5ea6", "max": 100}, {"name": "\\u5b66\\u5386\\u5339\\u914d\\u5ea6", "max": 100}, {"name": "\\u7ecf\\u9a8c\\u5339\\u914d\\u5ea6", "max": 100}, {"name": "\\u4e13\\u4e1a\\u5339\\u914d\\u5ea6", "max": 100}, {"name": "\\u7efc\\u5408\\u5339\\u914d\\u5ea6", "max": 100}], "data": [{"value": [0, 80, 75, 85, 0], "name": "\\u7b80\\u5386\\u4e0e\\u5c97\\u4f4d\\u5339\\u914d\\u5ea6"}]}', '2026-04-19 16:00:37.988605');
INSERT INTO matches (id, resume_id, job_id, match_score, match_tags, gap_tags, ability_graph, created_at) VALUES (4, 2, 2, 0, '[]', '["python", "mysql", "nlp"]', '{"indicator": [{"name": "\\u6280\\u80fd\\u5339\\u914d\\u5ea6", "max": 100}, {"name": "\\u5b66\\u5386\\u5339\\u914d\\u5ea6", "max": 100}, {"name": "\\u7ecf\\u9a8c\\u5339\\u914d\\u5ea6", "max": 100}, {"name": "\\u4e13\\u4e1a\\u5339\\u914d\\u5ea6", "max": 100}, {"name": "\\u7efc\\u5408\\u5339\\u914d\\u5ea6", "max": 100}], "data": [{"value": [0, 80, 75, 85, 0], "name": "\\u7b80\\u5386\\u4e0e\\u5c97\\u4f4d\\u5339\\u914d\\u5ea6"}]}', '2026-04-19 22:22:11.470386');
INSERT INTO matches (id, resume_id, job_id, match_score, match_tags, gap_tags, ability_graph, created_at) VALUES (5, 8, 2, 0, '[]', '["python", "mysql", "nlp"]', '{"indicator": [{"name": "\\u6280\\u80fd\\u5339\\u914d\\u5ea6", "max": 100}, {"name": "\\u5b66\\u5386\\u5339\\u914d\\u5ea6", "max": 100}, {"name": "\\u7ecf\\u9a8c\\u5339\\u914d\\u5ea6", "max": 100}, {"name": "\\u4e13\\u4e1a\\u5339\\u914d\\u5ea6", "max": 100}, {"name": "\\u7efc\\u5408\\u5339\\u914d\\u5ea6", "max": 100}], "data": [{"value": [0, 80, 75, 85, 0], "name": "\\u7b80\\u5386\\u4e0e\\u5c97\\u4f4d\\u5339\\u914d\\u5ea6"}]}', '2026-04-19 22:26:15.296836');
INSERT INTO matches (id, resume_id, job_id, match_score, match_tags, gap_tags, ability_graph, created_at) VALUES (6, 9, 2, 0, '[]', '["python", "mysql", "nlp"]', '{"indicator": [{"name": "\\u6280\\u80fd\\u5339\\u914d\\u5ea6", "max": 100}, {"name": "\\u5b66\\u5386\\u5339\\u914d\\u5ea6", "max": 100}, {"name": "\\u7ecf\\u9a8c\\u5339\\u914d\\u5ea6", "max": 100}, {"name": "\\u4e13\\u4e1a\\u5339\\u914d\\u5ea6", "max": 100}, {"name": "\\u7efc\\u5408\\u5339\\u914d\\u5ea6", "max": 100}], "data": [{"value": [0, 80, 75, 85, 0], "name": "\\u7b80\\u5386\\u4e0e\\u5c97\\u4f4d\\u5339\\u914d\\u5ea6"}]}', '2026-04-19 22:35:42.017854');
INSERT INTO matches (id, resume_id, job_id, match_score, match_tags, gap_tags, ability_graph, created_at) VALUES (7, 1, 1, 0, '[]', '["mysql", "nlp", "python"]', '{"indicator": [{"name": "\\u6280\\u80fd\\u5339\\u914d\\u5ea6", "max": 100}, {"name": "\\u5b66\\u5386\\u5339\\u914d\\u5ea6", "max": 100}, {"name": "\\u7ecf\\u9a8c\\u5339\\u914d\\u5ea6", "max": 100}, {"name": "\\u4e13\\u4e1a\\u5339\\u914d\\u5ea6", "max": 100}, {"name": "\\u7efc\\u5408\\u5339\\u914d\\u5ea6", "max": 100}], "data": [{"value": [0, 80, 75, 85, 0], "name": "\\u7b80\\u5386\\u4e0e\\u5c97\\u4f4d\\u5339\\u914d\\u5ea6"}]}', '2026-04-19 22:52:07.704852');
INSERT INTO matches (id, resume_id, job_id, match_score, match_tags, gap_tags, ability_graph, created_at) VALUES (8, 2, 1, 0, '[]', '["python", "nlp", "mysql"]', '{"indicator": [{"name": "\\u6280\\u80fd\\u5339\\u914d\\u5ea6", "max": 100}, {"name": "\\u5b66\\u5386\\u5339\\u914d\\u5ea6", "max": 100}, {"name": "\\u7ecf\\u9a8c\\u5339\\u914d\\u5ea6", "max": 100}, {"name": "\\u4e13\\u4e1a\\u5339\\u914d\\u5ea6", "max": 100}, {"name": "\\u7efc\\u5408\\u5339\\u914d\\u5ea6", "max": 100}], "data": [{"value": [0, 80, 75, 85, 0], "name": "\\u7b80\\u5386\\u4e0e\\u5c97\\u4f4d\\u5339\\u914d\\u5ea6"}]}', '2026-04-20 14:50:51.861286');
INSERT INTO matches (id, resume_id, job_id, match_score, match_tags, gap_tags, ability_graph, created_at) VALUES (9, 2, 2, 0, '[]', '["python", "nlp", "mysql"]', '{"indicator": [{"name": "\\u6280\\u80fd\\u5339\\u914d\\u5ea6", "max": 100}, {"name": "\\u5b66\\u5386\\u5339\\u914d\\u5ea6", "max": 100}, {"name": "\\u7ecf\\u9a8c\\u5339\\u914d\\u5ea6", "max": 100}, {"name": "\\u4e13\\u4e1a\\u5339\\u914d\\u5ea6", "max": 100}, {"name": "\\u7efc\\u5408\\u5339\\u914d\\u5ea6", "max": 100}], "data": [{"value": [0, 80, 75, 85, 0], "name": "\\u7b80\\u5386\\u4e0e\\u5c97\\u4f4d\\u5339\\u914d\\u5ea6"}]}', '2026-04-20 14:52:09.325230');
INSERT INTO matches (id, resume_id, job_id, match_score, match_tags, gap_tags, ability_graph, created_at) VALUES (10, 1, 1, 0, '[]', '["python", "mysql", "nlp"]', '{"indicator": [{"name": "\\u6280\\u80fd\\u5339\\u914d\\u5ea6", "max": 100}, {"name": "\\u5b66\\u5386\\u5339\\u914d\\u5ea6", "max": 100}, {"name": "\\u7ecf\\u9a8c\\u5339\\u914d\\u5ea6", "max": 100}, {"name": "\\u4e13\\u4e1a\\u5339\\u914d\\u5ea6", "max": 100}, {"name": "\\u7efc\\u5408\\u5339\\u914d\\u5ea6", "max": 100}], "data": [{"value": [0, 80, 75, 85, 0], "name": "\\u7b80\\u5386\\u4e0e\\u5c97\\u4f4d\\u5339\\u914d\\u5ea6"}]}', '2026-04-20 19:49:18.026658');
INSERT INTO matches (id, resume_id, job_id, match_score, match_tags, gap_tags, ability_graph, created_at) VALUES (11, 1, 1, 0, '[]', '["python", "mysql", "nlp"]', '{"indicator": [{"name": "\\u6280\\u80fd\\u5339\\u914d\\u5ea6", "max": 100}, {"name": "\\u5b66\\u5386\\u5339\\u914d\\u5ea6", "max": 100}, {"name": "\\u7ecf\\u9a8c\\u5339\\u914d\\u5ea6", "max": 100}, {"name": "\\u4e13\\u4e1a\\u5339\\u914d\\u5ea6", "max": 100}, {"name": "\\u7efc\\u5408\\u5339\\u914d\\u5ea6", "max": 100}], "data": [{"value": [0, 80, 75, 85, 0], "name": "\\u7b80\\u5386\\u4e0e\\u5c97\\u4f4d\\u5339\\u914d\\u5ea6"}]}', '2026-04-20 20:17:55.280035');
INSERT INTO matches (id, resume_id, job_id, match_score, match_tags, gap_tags, ability_graph, created_at) VALUES (12, 1, 1, 0, '[]', '["python", "nlp", "mysql"]', '{"indicator": [{"name": "\\u6280\\u80fd\\u5339\\u914d\\u5ea6", "max": 100}, {"name": "\\u5b66\\u5386\\u5339\\u914d\\u5ea6", "max": 100}, {"name": "\\u7ecf\\u9a8c\\u5339\\u914d\\u5ea6", "max": 100}, {"name": "\\u4e13\\u4e1a\\u5339\\u914d\\u5ea6", "max": 100}, {"name": "\\u7efc\\u5408\\u5339\\u914d\\u5ea6", "max": 100}], "data": [{"value": [0, 80, 75, 85, 0], "name": "\\u7b80\\u5386\\u4e0e\\u5c97\\u4f4d\\u5339\\u914d\\u5ea6"}]}', '2026-04-20 20:27:32.710798');
INSERT INTO matches (id, resume_id, job_id, match_score, match_tags, gap_tags, ability_graph, created_at) VALUES (13, 1, 1, 0, '[]', '["python", "nlp", "mysql"]', '{"indicator": [{"name": "\\u6280\\u80fd\\u5339\\u914d\\u5ea6", "max": 100}, {"name": "\\u5b66\\u5386\\u5339\\u914d\\u5ea6", "max": 100}, {"name": "\\u7ecf\\u9a8c\\u5339\\u914d\\u5ea6", "max": 100}, {"name": "\\u4e13\\u4e1a\\u5339\\u914d\\u5ea6", "max": 100}, {"name": "\\u7efc\\u5408\\u5339\\u914d\\u5ea6", "max": 100}], "data": [{"value": [0, 80, 75, 85, 0], "name": "\\u7b80\\u5386\\u4e0e\\u5c97\\u4f4d\\u5339\\u914d\\u5ea6"}]}', '2026-04-20 20:29:03.178065');
INSERT INTO matches (id, resume_id, job_id, match_score, match_tags, gap_tags, ability_graph, created_at) VALUES (14, 4, 1, 0, '[]', '["python", "nlp", "mysql"]', '{"indicator": [{"name": "\\u6280\\u80fd\\u5339\\u914d\\u5ea6", "max": 100}, {"name": "\\u5b66\\u5386\\u5339\\u914d\\u5ea6", "max": 100}, {"name": "\\u7ecf\\u9a8c\\u5339\\u914d\\u5ea6", "max": 100}, {"name": "\\u4e13\\u4e1a\\u5339\\u914d\\u5ea6", "max": 100}, {"name": "\\u7efc\\u5408\\u5339\\u914d\\u5ea6", "max": 100}], "data": [{"value": [0, 80, 75, 85, 0], "name": "\\u7b80\\u5386\\u4e0e\\u5c97\\u4f4d\\u5339\\u914d\\u5ea6"}]}', '2026-04-20 20:32:09.289016');
INSERT INTO matches (id, resume_id, job_id, match_score, match_tags, gap_tags, ability_graph, created_at) VALUES (15, 1, 1, 0, '[]', '["python", "nlp", "mysql"]', '{"indicator": [{"name": "\\u6280\\u80fd\\u5339\\u914d\\u5ea6", "max": 100}, {"name": "\\u5b66\\u5386\\u5339\\u914d\\u5ea6", "max": 100}, {"name": "\\u7ecf\\u9a8c\\u5339\\u914d\\u5ea6", "max": 100}, {"name": "\\u4e13\\u4e1a\\u5339\\u914d\\u5ea6", "max": 100}, {"name": "\\u7efc\\u5408\\u5339\\u914d\\u5ea6", "max": 100}], "data": [{"value": [0, 80, 75, 85, 0], "name": "\\u7b80\\u5386\\u4e0e\\u5c97\\u4f4d\\u5339\\u914d\\u5ea6"}]}', '2026-04-20 20:32:36.820612');
INSERT INTO matches (id, resume_id, job_id, match_score, match_tags, gap_tags, ability_graph, created_at) VALUES (16, 1, 1, 0, '[]', '["python", "nlp", "mysql"]', '{"indicator": [{"name": "\\u6280\\u80fd\\u5339\\u914d\\u5ea6", "max": 100}, {"name": "\\u5b66\\u5386\\u5339\\u914d\\u5ea6", "max": 100}, {"name": "\\u7ecf\\u9a8c\\u5339\\u914d\\u5ea6", "max": 100}, {"name": "\\u4e13\\u4e1a\\u5339\\u914d\\u5ea6", "max": 100}, {"name": "\\u7efc\\u5408\\u5339\\u914d\\u5ea6", "max": 100}], "data": [{"value": [0, 80, 75, 85, 0], "name": "\\u7b80\\u5386\\u4e0e\\u5c97\\u4f4d\\u5339\\u914d\\u5ea6"}]}', '2026-04-20 21:15:59.567395');
INSERT INTO matches (id, resume_id, job_id, match_score, match_tags, gap_tags, ability_graph, created_at) VALUES (17, 1, 1, 0, '[]', '["python", "nlp", "mysql"]', '{"indicator": [{"name": "\\u6280\\u80fd\\u5339\\u914d\\u5ea6", "max": 100}, {"name": "\\u5b66\\u5386\\u5339\\u914d\\u5ea6", "max": 100}, {"name": "\\u7ecf\\u9a8c\\u5339\\u914d\\u5ea6", "max": 100}, {"name": "\\u4e13\\u4e1a\\u5339\\u914d\\u5ea6", "max": 100}, {"name": "\\u7efc\\u5408\\u5339\\u914d\\u5ea6", "max": 100}], "data": [{"value": [0, 80, 75, 85, 0], "name": "\\u7b80\\u5386\\u4e0e\\u5c97\\u4f4d\\u5339\\u914d\\u5ea6"}]}', '2026-04-20 21:16:07.152886');
INSERT INTO matches (id, resume_id, job_id, match_score, match_tags, gap_tags, ability_graph, created_at) VALUES (18, 1, 1, 65, '["\\u719f\\u7ec3\\u638c\\u63e1 Python \\u8bed\\u8a00", "\\u719f\\u6089 MySQL \\u6570\\u636e\\u5e93"]', '["\\u7f3a\\u4e4f FastAPI \\u6846\\u67b6\\u5f00\\u53d1\\u7ecf\\u9a8c", "\\u7f3a\\u5c11 NLP \\u6216\\u5927\\u6a21\\u578b\\u5e94\\u7528\\u5f00\\u53d1\\u76f8\\u5173\\u9879\\u76ee\\u7ecf\\u9a8c"]', '{"indicator": [{"name": "\\u6280\\u80fd\\u5339\\u914d\\u5ea6", "max": 100}, {"name": "\\u5b66\\u5386\\u5339\\u914d\\u5ea6", "max": 100}, {"name": "\\u7ecf\\u9a8c\\u5339\\u914d\\u5ea6", "max": 100}, {"name": "\\u4e13\\u4e1a\\u5339\\u914d\\u5ea6", "max": 100}, {"name": "\\u7efc\\u5408\\u5339\\u914d\\u5ea6", "max": 100}], "data": [{"value": [0, 80, 75, 85, 0], "name": "\\u7b80\\u5386\\u4e0e\\u5c97\\u4f4d\\u5339\\u914d\\u5ea6"}]}', '2026-04-20 21:19:46.949900');
INSERT INTO matches (id, resume_id, job_id, match_score, match_tags, gap_tags, ability_graph, created_at) VALUES (19, 1, 1, 65, '["\\u719f\\u7ec3\\u638c\\u63e1 Python \\u8bed\\u8a00", "\\u719f\\u6089 MySQL \\u6570\\u636e\\u5e93"]', '["\\u7f3a\\u4e4f FastAPI \\u6846\\u67b6\\u5f00\\u53d1\\u7ecf\\u9a8c", "\\u7f3a\\u5c11 NLP \\u6216\\u5927\\u6a21\\u578b\\u5e94\\u7528\\u5f00\\u53d1\\u76f8\\u5173\\u9879\\u76ee\\u7ecf\\u9a8c"]', '{"indicator": [{"name": "\\u6280\\u80fd\\u5339\\u914d\\u5ea6", "max": 100}, {"name": "\\u5b66\\u5386\\u5339\\u914d\\u5ea6", "max": 100}, {"name": "\\u7ecf\\u9a8c\\u5339\\u914d\\u5ea6", "max": 100}, {"name": "\\u4e13\\u4e1a\\u5339\\u914d\\u5ea6", "max": 100}, {"name": "\\u7efc\\u5408\\u5339\\u914d\\u5ea6", "max": 100}], "data": [{"value": [0, 80, 75, 85, 0], "name": "\\u7b80\\u5386\\u4e0e\\u5c97\\u4f4d\\u5339\\u914d\\u5ea6"}]}', '2026-04-21 17:30:02.295424');
INSERT INTO matches (id, resume_id, job_id, match_score, match_tags, gap_tags, ability_graph, created_at) VALUES (20, 1, 1, 65, '["\\u719f\\u7ec3\\u638c\\u63e1 Python \\u8bed\\u8a00", "\\u719f\\u6089 MySQL \\u6570\\u636e\\u5e93"]', '["\\u672a\\u63d0\\u53ca FastAPI \\u6846\\u67b6\\u5f00\\u53d1\\u7ecf\\u9a8c", "\\u7f3a\\u4e4f NLP \\u6216\\u5927\\u6a21\\u578b\\u5e94\\u7528\\u5f00\\u53d1\\u76f8\\u5173\\u9879\\u76ee\\u7ecf\\u9a8c"]', '{"indicator": [{"name": "\\u6280\\u80fd\\u5339\\u914d\\u5ea6", "max": 100}, {"name": "\\u5b66\\u5386\\u5339\\u914d\\u5ea6", "max": 100}, {"name": "\\u7ecf\\u9a8c\\u5339\\u914d\\u5ea6", "max": 100}, {"name": "\\u4e13\\u4e1a\\u5339\\u914d\\u5ea6", "max": 100}, {"name": "\\u7efc\\u5408\\u5339\\u914d\\u5ea6", "max": 100}], "data": [{"value": [0, 80, 75, 85, 0], "name": "\\u7b80\\u5386\\u4e0e\\u5c97\\u4f4d\\u5339\\u914d\\u5ea6"}]}', '2026-04-22 15:12:42.999316');
SET IDENTITY_INSERT matches OFF;
SET IDENTITY_INSERT deliveries ON;
INSERT INTO deliveries (id, resume_id, job_id, status, created_at) VALUES (1, 1, 1, 'pending', '2026-04-19 15:44:10.381144');
INSERT INTO deliveries (id, resume_id, job_id, status, created_at) VALUES (2, 1, 2, 'pending', '2026-04-20 14:53:16.573300');
INSERT INTO deliveries (id, resume_id, job_id, status, created_at) VALUES (3, 5, 1, 'pending', '2026-04-20 14:53:29.661160');
INSERT INTO deliveries (id, resume_id, job_id, status, created_at) VALUES (4, 2, 2, 'pending', '2026-04-20 14:53:30.661879');
INSERT INTO deliveries (id, resume_id, job_id, status, created_at) VALUES (5, 8, 2, 'pending', '2026-04-20 14:53:31.956610');
INSERT INTO deliveries (id, resume_id, job_id, status, created_at) VALUES (6, 9, 2, 'pending', '2026-04-20 14:53:33.062670');
SET IDENTITY_INSERT deliveries OFF;
SET IDENTITY_INSERT job_favorites ON;
INSERT INTO job_favorites (id, user_id, job_id, created_at) VALUES (1, '088e8a07-e365-4955-99f2-894c77fcd5d4', 1, '2026-04-20 21:14:55.182214');
SET IDENTITY_INSERT job_favorites OFF;
SET IDENTITY_INSERT ai_resume_parse ON;
INSERT INTO ai_resume_parse (id, resume_id, user_id, raw_text, parsed_result, skills, experience, education, name, phone, email, parse_status, is_manual_modified, created_at, updated_at) VALUES (1, NULL, '088e8a07-e365-4955-99f2-894c77fcd5d4', '求职简历（测试用） 姓名：张三 性别：男 年龄：22岁 联系电话：13800138000 电子邮箱：zhangsan@test.com 求职意向：软件工程师（后端/前端） 期望薪资：8000-10000元/月 期望城市：北京、上海、广州 一、教育背景 学校名称：XX大学 专业：计算机科学与技术（本科） 就读时间：2020年9月 - 2024年6月 学业成绩：GPA 3.7/4.0（专业前15%） 核心课程：计算机组成原理、数据结构、Java编程、Python开发、Web前端技术、数据库原理、操作系统 二、专业技能 编程语言：熟练掌握Python、Java、JavaScript，了解C++，能独立完成项目开发 前端技术：掌握Vue3、Element Plus、Vite、Axios，能开发响应式页面，熟悉前端工程化 后端技术：熟悉FastAPI、SpringBoot框架，掌握RESTful接口开发，了解微服务思想 数据库：熟练使用MySQL、达梦数据库（DM8），能编写复杂SQL语句，了解数据库优化 其他技能：掌握Git版本控制、Docker容器基础，了解国产化系统（银河麒麟）适配，具备良好的代码规范和问题排查能力 三、项目经历 项目名称：基于AI的人才职位智能匹配系统 项目时间：2023年9月 - 2024年3月 担任角色：前端开发工程师 项目描述：该项目为软件杯竞赛项目，基于Vue3+FastAPI+达梦数据库开发，适配LoongArch 3A5000+银河麒麟国产化系统，实现求职者简历上传、企业岗位发布、AI智能匹配、能力图谱可视化等功能，解决人才与岗位精准匹配的痛点。 负责内容： 负责前端页面开发，包括登录页、简历上传页、岗位匹配页、能力图谱页，使用Element Plus组件库实现页面美化和交互 封装前端API请求，配置跨域代理，实现前后端数据交互，确保简历上传、匹配结果展示等功能正常运行 参与项目国产化适配，优化页面兼容性，确保系统在银河麒麟系统上正常显示和使用 配合后端开发人员完成接口联调，排查并解决前端语法错误、数据渲染异常等问题 项目成果：项目成功完成并参与软件杯竞赛，获得校级二等奖，实现简历解析准确率90%以上，岗位匹配响应时间≤1秒，支持单账号多角色（求职者/企业）切换使用。 四、实习经历 公司名称：XX科技有限公司 实习岗位：前端开发实习生 实习时间：2024年1月 - 2024年4月 实习内容： 协助开发公司内部管理系统前端页面，使用Vue3+Element Plus实现表单提交、数据展示等功能 参与前端代码优化，修复页面兼容性问题，提升页面加载速度和用户体验 配合测试人员完成功能测试，修改前端bug，确保系统稳定运行 五、荣誉奖项 2023年11月：软件杯全国大学生软件设计大赛 校级二等奖 2022年12月：XX大学 三好学生标兵 2022年6月：全国计算机二级证书（Python语言） 2021年12月：XX大学 优秀学生奖学金 六、自我评价 具备扎实的计算机专业基础，熟练掌握前后端开发技术和国产化系统适配相关知识，参与过软件杯竞赛项目和企业实习，具备较强的项目开发能力和问题排查能力。工作认真负责，善于沟通协作，学习能力强，能快速适应新的技术和工作环境，对软件开发有浓厚的兴趣，致力于成为一名优秀的软件工程师，为企业发展贡献力量。', '{"name": "张三", "phone": "13800138000", "email": "zhangsan@test.com", "education": "本科", "experience_years": "未提供", "skills": ["Python", "Java", "JavaScript", "Vue3", "Element Plus", "Vite", "Axios", "FastAPI", "SpringBoot", "MySQL", "达梦数据库", "Git", "Docker", "银河麒麟"], "work_experience": [{"company": "XX科技有限公司", "position": "前端开发实习生", "duration": "2024年1月 - 2024年4月", "description": "协助开发公司内部管理系统前端页面，使用Vue3+Element Plus实现表单提交、数据展示等功能；参与前端代码优化，修复页面兼容性问题，提升页面加载速度和用户体验；配合测试人员完成功能测试，修改前端bug，确保系统稳定运行"}], "education_history": [{"school": "XX大学", "degree": "本科", "major": "计算机科学与技术", "duration": "2020年9月 - 2024年6月"}], "self_evaluation": "具备扎实的计算机专业基础，熟练掌握前后端开发技术和国产化系统适配相关知识，参与过软件杯竞赛项目和企业实习，具备较强的项目开发能力和问题排查能力。工作认真负责，善于沟通协作，学习能力强，能快速适应新的技术和工作环境，对软件开发有浓厚的兴趣，致力于成为一名优秀的软件工程师，为企业发展贡献力量。", "highlights": ["参与软件杯竞赛并获得校级二等奖", "具备前后端开发能力和国产化系统适配经验", "熟悉多种编程语言和框架，如Python、Java、Vue3、FastAPI、SpringBoot等", "拥有良好的代码规范和问题排查能力"]}', '["Python", "Java", "JavaScript", "Vue3", "Element Plus", "Vite", "Axios", "FastAPI", "SpringBoot", "MySQL", "达梦数据库", "Git", "Docker", "银河麒麟"]', '未提供', '本科', '张三', '13800138000', 'zhangsan@test.com', 'completed', 1, '2026-04-19 15:15:37.819195', '2026-04-19 15:15:42.515365');
INSERT INTO ai_resume_parse (id, resume_id, user_id, raw_text, parsed_result, skills, experience, education, name, phone, email, parse_status, is_manual_modified, created_at, updated_at) VALUES (2, NULL, '088e8a07-e365-4955-99f2-894c77fcd5d4', '求职简历（测试用） 姓名：张三 性别：男 年龄：22岁 联系电话：13800138000 电子邮箱：zhangsan@test.com 求职意向：软件工程师（后端/前端） 期望薪资：8000-10000元/月 期望城市：北京、上海、广州 一、教育背景 学校名称：XX大学 专业：计算机科学与技术（本科） 就读时间：2020年9月 - 2024年6月 学业成绩：GPA 3.7/4.0（专业前15%） 核心课程：计算机组成原理、数据结构、Java编程、Python开发、Web前端技术、数据库原理、操作系统 二、专业技能 编程语言：熟练掌握Python、Java、JavaScript，了解C++，能独立完成项目开发 前端技术：掌握Vue3、Element Plus、Vite、Axios，能开发响应式页面，熟悉前端工程化 后端技术：熟悉FastAPI、SpringBoot框架，掌握RESTful接口开发，了解微服务思想 数据库：熟练使用MySQL、达梦数据库（DM8），能编写复杂SQL语句，了解数据库优化 其他技能：掌握Git版本控制、Docker容器基础，了解国产化系统（银河麒麟）适配，具备良好的代码规范和问题排查能力 三、项目经历 项目名称：基于AI的人才职位智能匹配系统 项目时间：2023年9月 - 2024年3月 担任角色：前端开发工程师 项目描述：该项目为软件杯竞赛项目，基于Vue3+FastAPI+达梦数据库开发，适配LoongArch 3A5000+银河麒麟国产化系统，实现求职者简历上传、企业岗位发布、AI智能匹配、能力图谱可视化等功能，解决人才与岗位精准匹配的痛点。 负责内容： 负责前端页面开发，包括登录页、简历上传页、岗位匹配页、能力图谱页，使用Element Plus组件库实现页面美化和交互 封装前端API请求，配置跨域代理，实现前后端数据交互，确保简历上传、匹配结果展示等功能正常运行 参与项目国产化适配，优化页面兼容性，确保系统在银河麒麟系统上正常显示和使用 配合后端开发人员完成接口联调，排查并解决前端语法错误、数据渲染异常等问题 项目成果：项目成功完成并参与软件杯竞赛，获得校级二等奖，实现简历解析准确率90%以上，岗位匹配响应时间≤1秒，支持单账号多角色（求职者/企业）切换使用。 四、实习经历 公司名称：XX科技有限公司 实习岗位：前端开发实习生 实习时间：2024年1月 - 2024年4月 实习内容： 协助开发公司内部管理系统前端页面，使用Vue3+Element Plus实现表单提交、数据展示等功能 参与前端代码优化，修复页面兼容性问题，提升页面加载速度和用户体验 配合测试人员完成功能测试，修改前端bug，确保系统稳定运行 五、荣誉奖项 2023年11月：软件杯全国大学生软件设计大赛 校级二等奖 2022年12月：XX大学 三好学生标兵 2022年6月：全国计算机二级证书（Python语言） 2021年12月：XX大学 优秀学生奖学金 六、自我评价 具备扎实的计算机专业基础，熟练掌握前后端开发技术和国产化系统适配相关知识，参与过软件杯竞赛项目和企业实习，具备较强的项目开发能力和问题排查能力。工作认真负责，善于沟通协作，学习能力强，能快速适应新的技术和工作环境，对软件开发有浓厚的兴趣，致力于成为一名优秀的软件工程师，为企业发展贡献力量。', '{"name": "张三", "phone": "13800138000", "email": "zhangsan@test.com", "education": "本科", "experience_years": "未提供", "skills": ["Python", "Java", "JavaScript", "Vue3", "Element Plus", "Vite", "Axios", "FastAPI", "SpringBoot", "MySQL", "达梦数据库", "Git", "Docker", "银河麒麟"], "work_experience": [{"company": "XX科技有限公司", "position": "前端开发实习生", "duration": "2024年1月 - 2024年4月", "description": "协助开发公司内部管理系统前端页面，使用Vue3+Element Plus实现表单提交、数据展示等功能；参与前端代码优化，修复页面兼容性问题，提升页面加载速度和用户体验；配合测试人员完成功能测试，修改前端bug，确保系统稳定运行"}], "education_history": [{"school": "XX大学", "degree": "本科", "major": "计算机科学与技术", "duration": "2020年9月 - 2024年6月"}], "self_evaluation": "具备扎实的计算机专业基础，熟练掌握前后端开发技术和国产化系统适配相关知识，参与过软件杯竞赛项目和企业实习，具备较强的项目开发能力和问题排查能力。工作认真负责，善于沟通协作，学习能力强，能快速适应新的技术和工作环境，对软件开发有浓厚的兴趣，致力于成为一名优秀的软件工程师，为企业发展贡献力量。", "highlights": ["参与软件杯竞赛项目并获得校级二等奖", "熟悉前后端开发及国产化系统适配", "具备良好的代码规范和问题排查能力"]}', '["Python", "Java", "JavaScript", "Vue3", "Element Plus", "Vite", "Axios", "FastAPI", "SpringBoot", "MySQL", "达梦数据库", "Git", "Docker", "银河麒麟"]', '未提供', '本科', '张三', '13800138000', 'zhangsan@test.com', 'completed', 1, '2026-04-19 15:21:50.052650', '2026-04-19 15:21:59.214710');
INSERT INTO ai_resume_parse (id, resume_id, user_id, raw_text, parsed_result, skills, experience, education, name, phone, email, parse_status, is_manual_modified, created_at, updated_at) VALUES (3, NULL, '088e8a07-e365-4955-99f2-894c77fcd5d4', '求职简历（测试用） 姓名：张三 性别：男 年龄：22岁 联系电话：13800138000 电子邮箱：zhangsan@test.com 求职意向：软件工程师（后端/前端） 期望薪资：8000-10000元/月 期望城市：北京、上海、广州 一、教育背景 学校名称：XX大学 专业：计算机科学与技术（本科） 就读时间：2020年9月 - 2024年6月 学业成绩：GPA 3.7/4.0（专业前15%） 核心课程：计算机组成原理、数据结构、Java编程、Python开发、Web前端技术、数据库原理、操作系统 二、专业技能 编程语言：熟练掌握Python、Java、JavaScript，了解C++，能独立完成项目开发 前端技术：掌握Vue3、Element Plus、Vite、Axios，能开发响应式页面，熟悉前端工程化 后端技术：熟悉FastAPI、SpringBoot框架，掌握RESTful接口开发，了解微服务思想 数据库：熟练使用MySQL、达梦数据库（DM8），能编写复杂SQL语句，了解数据库优化 其他技能：掌握Git版本控制、Docker容器基础，了解国产化系统（银河麒麟）适配，具备良好的代码规范和问题排查能力 三、项目经历 项目名称：基于AI的人才职位智能匹配系统 项目时间：2023年9月 - 2024年3月 担任角色：前端开发工程师 项目描述：该项目为软件杯竞赛项目，基于Vue3+FastAPI+达梦数据库开发，适配LoongArch 3A5000+银河麒麟国产化系统，实现求职者简历上传、企业岗位发布、AI智能匹配、能力图谱可视化等功能，解决人才与岗位精准匹配的痛点。 负责内容： 负责前端页面开发，包括登录页、简历上传页、岗位匹配页、能力图谱页，使用Element Plus组件库实现页面美化和交互 封装前端API请求，配置跨域代理，实现前后端数据交互，确保简历上传、匹配结果展示等功能正常运行 参与项目国产化适配，优化页面兼容性，确保系统在银河麒麟系统上正常显示和使用 配合后端开发人员完成接口联调，排查并解决前端语法错误、数据渲染异常等问题 项目成果：项目成功完成并参与软件杯竞赛，获得校级二等奖，实现简历解析准确率90%以上，岗位匹配响应时间≤1秒，支持单账号多角色（求职者/企业）切换使用。 四、实习经历 公司名称：XX科技有限公司 实习岗位：前端开发实习生 实习时间：2024年1月 - 2024年4月 实习内容： 协助开发公司内部管理系统前端页面，使用Vue3+Element Plus实现表单提交、数据展示等功能 参与前端代码优化，修复页面兼容性问题，提升页面加载速度和用户体验 配合测试人员完成功能测试，修改前端bug，确保系统稳定运行 五、荣誉奖项 2023年11月：软件杯全国大学生软件设计大赛 校级二等奖 2022年12月：XX大学 三好学生标兵 2022年6月：全国计算机二级证书（Python语言） 2021年12月：XX大学 优秀学生奖学金 六、自我评价 具备扎实的计算机专业基础，熟练掌握前后端开发技术和国产化系统适配相关知识，参与过软件杯竞赛项目和企业实习，具备较强的项目开发能力和问题排查能力。工作认真负责，善于沟通协作，学习能力强，能快速适应新的技术和工作环境，对软件开发有浓厚的兴趣，致力于成为一名优秀的软件工程师，为企业发展贡献力量。', '{"name": "张三", "phone": "13800138000", "email": "zhangsan@test.com", "education": "本科", "experience_years": "未提供", "skills": ["Python", "Java", "JavaScript", "Vue3", "Element Plus", "Vite", "Axios", "FastAPI", "SpringBoot", "MySQL", "达梦数据库", "Git", "Docker", "银河麒麟"], "work_experience": [{"company": "XX科技有限公司", "position": "前端开发实习生", "duration": "2024年1月 - 2024年4月", "description": "协助开发公司内部管理系统前端页面，使用Vue3+Element Plus实现表单提交、数据展示等功能；参与前端代码优化，修复页面兼容性问题，提升页面加载速度和用户体验；配合测试人员完成功能测试，修改前端bug，确保系统稳定运行"}], "education_history": [{"school": "XX大学", "degree": "本科", "major": "计算机科学与技术", "duration": "2020年9月 - 2024年6月"}], "self_evaluation": "具备扎实的计算机专业基础，熟练掌握前后端开发技术和国产化系统适配相关知识，参与过软件杯竞赛项目和企业实习，具备较强的项目开发能力和问题排查能力。工作认真负责，善于沟通协作，学习能力强，能快速适应新的技术和工作环境，对软件开发有浓厚的兴趣，致力于成为一名优秀的软件工程师，为企业发展贡献力量。", "highlights": ["参与软件杯竞赛项目并获得校级二等奖", "熟悉国产化系统（银河麒麟）适配", "熟练掌握前后端开发技术栈", "具备良好的代码规范和问题排查能力"]}', '["Python", "Java", "JavaScript", "Vue3", "Element Plus", "Vite", "Axios", "FastAPI", "SpringBoot", "MySQL", "达梦数据库", "Git", "Docker", "银河麒麟"]', '未提供', '本科', '张三', '13800138000', 'zhangsan@test.com', 'completed', 1, '2026-04-19 15:22:49.285963', '2026-04-19 15:22:54.214112');
INSERT INTO ai_resume_parse (id, resume_id, user_id, raw_text, parsed_result, skills, experience, education, name, phone, email, parse_status, is_manual_modified, created_at, updated_at) VALUES (4, NULL, '088e8a07-e365-4955-99f2-894c77fcd5d4', '求职简历（测试用） 姓名：张三 性别：男 年龄：22岁 联系电话：13800138000 电子邮箱：zhangsan@test.com 求职意向：软件工程师（后端/前端） 期望薪资：8000-10000元/月 期望城市：北京、上海、广州 一、教育背景 学校名称：XX大学 专业：计算机科学与技术（本科） 就读时间：2020年9月 - 2024年6月 学业成绩：GPA 3.7/4.0（专业前15%） 核心课程：计算机组成原理、数据结构、Java编程、Python开发、Web前端技术、数据库原理、操作系统 二、专业技能 编程语言：熟练掌握Python、Java、JavaScript，了解C++，能独立完成项目开发 前端技术：掌握Vue3、Element Plus、Vite、Axios，能开发响应式页面，熟悉前端工程化 后端技术：熟悉FastAPI、SpringBoot框架，掌握RESTful接口开发，了解微服务思想 数据库：熟练使用MySQL、达梦数据库（DM8），能编写复杂SQL语句，了解数据库优化 其他技能：掌握Git版本控制、Docker容器基础，了解国产化系统（银河麒麟）适配，具备良好的代码规范和问题排查能力 三、项目经历 项目名称：基于AI的人才职位智能匹配系统 项目时间：2023年9月 - 2024年3月 担任角色：前端开发工程师 项目描述：该项目为软件杯竞赛项目，基于Vue3+FastAPI+达梦数据库开发，适配LoongArch 3A5000+银河麒麟国产化系统，实现求职者简历上传、企业岗位发布、AI智能匹配、能力图谱可视化等功能，解决人才与岗位精准匹配的痛点。 负责内容： 负责前端页面开发，包括登录页、简历上传页、岗位匹配页、能力图谱页，使用Element Plus组件库实现页面美化和交互 封装前端API请求，配置跨域代理，实现前后端数据交互，确保简历上传、匹配结果展示等功能正常运行 参与项目国产化适配，优化页面兼容性，确保系统在银河麒麟系统上正常显示和使用 配合后端开发人员完成接口联调，排查并解决前端语法错误、数据渲染异常等问题 项目成果：项目成功完成并参与软件杯竞赛，获得校级二等奖，实现简历解析准确率90%以上，岗位匹配响应时间≤1秒，支持单账号多角色（求职者/企业）切换使用。 四、实习经历 公司名称：XX科技有限公司 实习岗位：前端开发实习生 实习时间：2024年1月 - 2024年4月 实习内容： 协助开发公司内部管理系统前端页面，使用Vue3+Element Plus实现表单提交、数据展示等功能 参与前端代码优化，修复页面兼容性问题，提升页面加载速度和用户体验 配合测试人员完成功能测试，修改前端bug，确保系统稳定运行 五、荣誉奖项 2023年11月：软件杯全国大学生软件设计大赛 校级二等奖 2022年12月：XX大学 三好学生标兵 2022年6月：全国计算机二级证书（Python语言） 2021年12月：XX大学 优秀学生奖学金 六、自我评价 具备扎实的计算机专业基础，熟练掌握前后端开发技术和国产化系统适配相关知识，参与过软件杯竞赛项目和企业实习，具备较强的项目开发能力和问题排查能力。工作认真负责，善于沟通协作，学习能力强，能快速适应新的技术和工作环境，对软件开发有浓厚的兴趣，致力于成为一名优秀的软件工程师，为企业发展贡献力量。', '{"name": "张三", "phone": "13800138000", "email": "zhangsan@test.com", "education": "本科", "experience_years": "未提供", "skills": ["Python", "Java", "JavaScript", "Vue3", "Element Plus", "Vite", "Axios", "FastAPI", "SpringBoot", "MySQL", "达梦数据库", "Git", "Docker", "银河麒麟"], "work_experience": [{"company": "XX科技有限公司", "position": "前端开发实习生", "duration": "2024年1月 - 2024年4月", "description": "协助开发公司内部管理系统前端页面，使用Vue3+Element Plus实现表单提交、数据展示等功能；参与前端代码优化，修复页面兼容性问题，提升页面加载速度和用户体验；配合测试人员完成功能测试，修改前端bug，确保系统稳定运行"}], "education_history": [{"school": "XX大学", "degree": "本科", "major": "计算机科学与技术", "duration": "2020年9月 - 2024年6月"}], "self_evaluation": "具备扎实的计算机专业基础，熟练掌握前后端开发技术和国产化系统适配相关知识，参与过软件杯竞赛项目和企业实习，具备较强的项目开发能力和问题排查能力。工作认真负责，善于沟通协作，学习能力强，能快速适应新的技术和工作环境，对软件开发有浓厚的兴趣，致力于成为一名优秀的软件工程师，为企业发展贡献力量。", "highlights": ["参与软件杯竞赛并获得校级二等奖", "掌握Vue3、FastAPI等技术栈", "熟悉国产化系统适配", "具备良好的代码规范和问题排查能力"]}', '["Python", "Java", "JavaScript", "Vue3", "Element Plus", "Vite", "Axios", "FastAPI", "SpringBoot", "MySQL", "达梦数据库", "Git", "Docker", "银河麒麟"]', '未提供', '本科', '张三', '13800138000', 'zhangsan@test.com', 'completed', 0, '2026-04-19 15:42:46.188196', '2026-04-19 15:42:46.188196');
INSERT INTO ai_resume_parse (id, resume_id, user_id, raw_text, parsed_result, skills, experience, education, name, phone, email, parse_status, is_manual_modified, created_at, updated_at) VALUES (5, NULL, '088e8a07-e365-4955-99f2-894c77fcd5d4', '求职简历（测试用） 姓名：张三 性别：男 年龄：22岁 联系电话：13800138000 电子邮箱：zhangsan@test.com 求职意向：软件工程师（后端/前端） 期望薪资：8000-10000元/月 期望城市：北京、上海、广州 一、教育背景 学校名称：XX大学 专业：计算机科学与技术（本科） 就读时间：2020年9月 - 2024年6月 学业成绩：GPA 3.7/4.0（专业前15%） 核心课程：计算机组成原理、数据结构、Java编程、Python开发、Web前端技术、数据库原理、操作系统 二、专业技能 编程语言：熟练掌握Python、Java、JavaScript，了解C++，能独立完成项目开发 前端技术：掌握Vue3、Element Plus、Vite、Axios，能开发响应式页面，熟悉前端工程化 后端技术：熟悉FastAPI、SpringBoot框架，掌握RESTful接口开发，了解微服务思想 数据库：熟练使用MySQL、达梦数据库（DM8），能编写复杂SQL语句，了解数据库优化 其他技能：掌握Git版本控制、Docker容器基础，了解国产化系统（银河麒麟）适配，具备良好的代码规范和问题排查能力 三、项目经历 项目名称：基于AI的人才职位智能匹配系统 项目时间：2023年9月 - 2024年3月 担任角色：前端开发工程师 项目描述：该项目为软件杯竞赛项目，基于Vue3+FastAPI+达梦数据库开发，适配LoongArch 3A5000+银河麒麟国产化系统，实现求职者简历上传、企业岗位发布、AI智能匹配、能力图谱可视化等功能，解决人才与岗位精准匹配的痛点。 负责内容： 负责前端页面开发，包括登录页、简历上传页、岗位匹配页、能力图谱页，使用Element Plus组件库实现页面美化和交互 封装前端API请求，配置跨域代理，实现前后端数据交互，确保简历上传、匹配结果展示等功能正常运行 参与项目国产化适配，优化页面兼容性，确保系统在银河麒麟系统上正常显示和使用 配合后端开发人员完成接口联调，排查并解决前端语法错误、数据渲染异常等问题 项目成果：项目成功完成并参与软件杯竞赛，获得校级二等奖，实现简历解析准确率90%以上，岗位匹配响应时间≤1秒，支持单账号多角色（求职者/企业）切换使用。 四、实习经历 公司名称：XX科技有限公司 实习岗位：前端开发实习生 实习时间：2024年1月 - 2024年4月 实习内容： 协助开发公司内部管理系统前端页面，使用Vue3+Element Plus实现表单提交、数据展示等功能 参与前端代码优化，修复页面兼容性问题，提升页面加载速度和用户体验 配合测试人员完成功能测试，修改前端bug，确保系统稳定运行 五、荣誉奖项 2023年11月：软件杯全国大学生软件设计大赛 校级二等奖 2022年12月：XX大学 三好学生标兵 2022年6月：全国计算机二级证书（Python语言） 2021年12月：XX大学 优秀学生奖学金 六、自我评价 具备扎实的计算机专业基础，熟练掌握前后端开发技术和国产化系统适配相关知识，参与过软件杯竞赛项目和企业实习，具备较强的项目开发能力和问题排查能力。工作认真负责，善于沟通协作，学习能力强，能快速适应新的技术和工作环境，对软件开发有浓厚的兴趣，致力于成为一名优秀的软件工程师，为企业发展贡献力量。', '{"name": "张三", "phone": "13800138000", "email": "zhangsan@test.com", "education": "本科", "experience_years": "未提供", "skills": ["Python", "Java", "JavaScript", "Vue3", "Element Plus", "Vite", "Axios", "FastAPI", "SpringBoot", "MySQL", "达梦数据库", "Git", "Docker", "银河麒麟"], "work_experience": [{"company": "XX科技有限公司", "position": "前端开发实习生", "duration": "2024年1月 - 2024年4月", "description": "协助开发公司内部管理系统前端页面，使用Vue3+Element Plus实现表单提交、数据展示等功能；参与前端代码优化，修复页面兼容性问题，提升页面加载速度和用户体验；配合测试人员完成功能测试，修改前端bug，确保系统稳定运行"}], "education_history": [{"school": "XX大学", "degree": "本科", "major": "计算机科学与技术", "duration": "2020年9月 - 2024年6月"}], "self_evaluation": "具备扎实的计算机专业基础，熟练掌握前后端开发技术和国产化系统适配相关知识，参与过软件杯竞赛项目和企业实习，具备较强的项目开发能力和问题排查能力。工作认真负责，善于沟通协作，学习能力强，能快速适应新的技术和工作环境，对软件开发有浓厚的兴趣，致力于成为一名优秀的软件工程师，为企业发展贡献力量。", "highlights": ["参与软件杯竞赛并获得校级二等奖", "掌握Vue3、FastAPI等技术栈", "熟悉国产化系统适配", "具备良好的代码规范和问题排查能力"]}', '["Python", "Java", "JavaScript", "Vue3", "Element Plus", "Vite", "Axios", "FastAPI", "SpringBoot", "MySQL", "达梦数据库", "Git", "Docker", "银河麒麟"]', '未提供', '本科', '张三', '13800138000', 'zhangsan@test.com', 'completed', 0, '2026-04-19 15:43:27.030105', '2026-04-19 15:43:27.030105');
INSERT INTO ai_resume_parse (id, resume_id, user_id, raw_text, parsed_result, skills, experience, education, name, phone, email, parse_status, is_manual_modified, created_at, updated_at) VALUES (6, NULL, '088e8a07-e365-4955-99f2-894c77fcd5d4', '求职简历（测试用） 姓名：张三 性别：男 年龄：22岁 联系电话：13800138000 电子邮箱：zhangsan@test.com 求职意向：软件工程师（后端/前端） 期望薪资：8000-10000元/月 期望城市：北京、上海、广州 一、教育背景 学校名称：XX大学 专业：计算机科学与技术（本科） 就读时间：2020年9月 - 2024年6月 学业成绩：GPA 3.7/4.0（专业前15%） 核心课程：计算机组成原理、数据结构、Java编程、Python开发、Web前端技术、数据库原理、操作系统 二、专业技能 编程语言：熟练掌握Python、Java、JavaScript，了解C++，能独立完成项目开发 前端技术：掌握Vue3、Element Plus、Vite、Axios，能开发响应式页面，熟悉前端工程化 后端技术：熟悉FastAPI、SpringBoot框架，掌握RESTful接口开发，了解微服务思想 数据库：熟练使用MySQL、达梦数据库（DM8），能编写复杂SQL语句，了解数据库优化 其他技能：掌握Git版本控制、Docker容器基础，了解国产化系统（银河麒麟）适配，具备良好的代码规范和问题排查能力 三、项目经历 项目名称：基于AI的人才职位智能匹配系统 项目时间：2023年9月 - 2024年3月 担任角色：前端开发工程师 项目描述：该项目为软件杯竞赛项目，基于Vue3+FastAPI+达梦数据库开发，适配LoongArch 3A5000+银河麒麟国产化系统，实现求职者简历上传、企业岗位发布、AI智能匹配、能力图谱可视化等功能，解决人才与岗位精准匹配的痛点。 负责内容： 负责前端页面开发，包括登录页、简历上传页、岗位匹配页、能力图谱页，使用Element Plus组件库实现页面美化和交互 封装前端API请求，配置跨域代理，实现前后端数据交互，确保简历上传、匹配结果展示等功能正常运行 参与项目国产化适配，优化页面兼容性，确保系统在银河麒麟系统上正常显示和使用 配合后端开发人员完成接口联调，排查并解决前端语法错误、数据渲染异常等问题 项目成果：项目成功完成并参与软件杯竞赛，获得校级二等奖，实现简历解析准确率90%以上，岗位匹配响应时间≤1秒，支持单账号多角色（求职者/企业）切换使用。 四、实习经历 公司名称：XX科技有限公司 实习岗位：前端开发实习生 实习时间：2024年1月 - 2024年4月 实习内容： 协助开发公司内部管理系统前端页面，使用Vue3+Element Plus实现表单提交、数据展示等功能 参与前端代码优化，修复页面兼容性问题，提升页面加载速度和用户体验 配合测试人员完成功能测试，修改前端bug，确保系统稳定运行 五、荣誉奖项 2023年11月：软件杯全国大学生软件设计大赛 校级二等奖 2022年12月：XX大学 三好学生标兵 2022年6月：全国计算机二级证书（Python语言） 2021年12月：XX大学 优秀学生奖学金 六、自我评价 具备扎实的计算机专业基础，熟练掌握前后端开发技术和国产化系统适配相关知识，参与过软件杯竞赛项目和企业实习，具备较强的项目开发能力和问题排查能力。工作认真负责，善于沟通协作，学习能力强，能快速适应新的技术和工作环境，对软件开发有浓厚的兴趣，致力于成为一名优秀的软件工程师，为企业发展贡献力量。', '{"name": "张三", "phone": "13800138000", "email": "zhangsan@test.com", "education": "本科", "experience_years": "未提供", "skills": ["Python", "Java", "JavaScript", "Vue3", "Element Plus", "Vite", "Axios", "FastAPI", "SpringBoot", "MySQL", "达梦数据库", "Git", "Docker", "银河麒麟"], "work_experience": [{"company": "XX科技有限公司", "position": "前端开发实习生", "duration": "2024年1月 - 2024年4月", "description": "协助开发公司内部管理系统前端页面，使用Vue3+Element Plus实现表单提交、数据展示等功能；参与前端代码优化，修复页面兼容性问题，提升页面加载速度和用户体验；配合测试人员完成功能测试，修改前端bug，确保系统稳定运行"}], "education_history": [{"school": "XX大学", "degree": "本科", "major": "计算机科学与技术", "duration": "2020年9月 - 2024年6月"}], "self_evaluation": "具备扎实的计算机专业基础，熟练掌握前后端开发技术和国产化系统适配相关知识，参与过软件杯竞赛项目和企业实习，具备较强的项目开发能力和问题排查能力。工作认真负责，善于沟通协作，学习能力强，能快速适应新的技术和工作环境，对软件开发有浓厚的兴趣，致力于成为一名优秀的软件工程师，为企业发展贡献力量。", "highlights": ["参与软件杯竞赛项目并获得校级二等奖", "熟悉前后端开发及国产化系统适配", "具备良好的代码规范和问题排查能力"]}', '["Python", "Java", "JavaScript", "Vue3", "Element Plus", "Vite", "Axios", "FastAPI", "SpringBoot", "MySQL", "达梦数据库", "Git", "Docker", "银河麒麟"]', '未提供', '本科', '张三', '13800138000', 'zhangsan@test.com', 'completed', 0, '2026-04-19 15:51:20.366833', '2026-04-19 15:51:20.366833');
INSERT INTO ai_resume_parse (id, resume_id, user_id, raw_text, parsed_result, skills, experience, education, name, phone, email, parse_status, is_manual_modified, created_at, updated_at) VALUES (7, NULL, '088e8a07-e365-4955-99f2-894c77fcd5d4', '求职简历（测试用） 姓名：张三 性别：男 年龄：22岁 联系电话：13800138000 电子邮箱：zhangsan@test.com 求职意向：软件工程师（后端/前端） 期望薪资：8000-10000元/月 期望城市：北京、上海、广州 一、教育背景 学校名称：XX大学 专业：计算机科学与技术（本科） 就读时间：2020年9月 - 2024年6月 学业成绩：GPA 3.7/4.0（专业前15%） 核心课程：计算机组成原理、数据结构、Java编程、Python开发、Web前端技术、数据库原理、操作系统 二、专业技能 编程语言：熟练掌握Python、Java、JavaScript，了解C++，能独立完成项目开发 前端技术：掌握Vue3、Element Plus、Vite、Axios，能开发响应式页面，熟悉前端工程化 后端技术：熟悉FastAPI、SpringBoot框架，掌握RESTful接口开发，了解微服务思想 数据库：熟练使用MySQL、达梦数据库（DM8），能编写复杂SQL语句，了解数据库优化 其他技能：掌握Git版本控制、Docker容器基础，了解国产化系统（银河麒麟）适配，具备良好的代码规范和问题排查能力 三、项目经历 项目名称：基于AI的人才职位智能匹配系统 项目时间：2023年9月 - 2024年3月 担任角色：前端开发工程师 项目描述：该项目为软件杯竞赛项目，基于Vue3+FastAPI+达梦数据库开发，适配LoongArch 3A5000+银河麒麟国产化系统，实现求职者简历上传、企业岗位发布、AI智能匹配、能力图谱可视化等功能，解决人才与岗位精准匹配的痛点。 负责内容： 负责前端页面开发，包括登录页、简历上传页、岗位匹配页、能力图谱页，使用Element Plus组件库实现页面美化和交互 封装前端API请求，配置跨域代理，实现前后端数据交互，确保简历上传、匹配结果展示等功能正常运行 参与项目国产化适配，优化页面兼容性，确保系统在银河麒麟系统上正常显示和使用 配合后端开发人员完成接口联调，排查并解决前端语法错误、数据渲染异常等问题 项目成果：项目成功完成并参与软件杯竞赛，获得校级二等奖，实现简历解析准确率90%以上，岗位匹配响应时间≤1秒，支持单账号多角色（求职者/企业）切换使用。 四、实习经历 公司名称：XX科技有限公司 实习岗位：前端开发实习生 实习时间：2024年1月 - 2024年4月 实习内容： 协助开发公司内部管理系统前端页面，使用Vue3+Element Plus实现表单提交、数据展示等功能 参与前端代码优化，修复页面兼容性问题，提升页面加载速度和用户体验 配合测试人员完成功能测试，修改前端bug，确保系统稳定运行 五、荣誉奖项 2023年11月：软件杯全国大学生软件设计大赛 校级二等奖 2022年12月：XX大学 三好学生标兵 2022年6月：全国计算机二级证书（Python语言） 2021年12月：XX大学 优秀学生奖学金 六、自我评价 具备扎实的计算机专业基础，熟练掌握前后端开发技术和国产化系统适配相关知识，参与过软件杯竞赛项目和企业实习，具备较强的项目开发能力和问题排查能力。工作认真负责，善于沟通协作，学习能力强，能快速适应新的技术和工作环境，对软件开发有浓厚的兴趣，致力于成为一名优秀的软件工程师，为企业发展贡献力量。', '{"name": "张三", "phone": "13800138000", "email": "zhangsan@test.com", "education": "本科", "experience_years": "未提供", "skills": ["Python", "Java", "JavaScript", "Vue3", "Element Plus", "Vite", "Axios", "FastAPI", "SpringBoot", "MySQL", "达梦数据库", "Git", "Docker", "银河麒麟"], "work_experience": [{"company": "XX科技有限公司", "position": "前端开发实习生", "duration": "2024年1月 - 2024年4月", "description": "协助开发公司内部管理系统前端页面，使用Vue3+Element Plus实现表单提交、数据展示等功能；参与前端代码优化，修复页面兼容性问题，提升页面加载速度和用户体验；配合测试人员完成功能测试，修改前端bug，确保系统稳定运行"}], "education_history": [{"school": "XX大学", "degree": "本科", "major": "计算机科学与技术", "duration": "2020年9月 - 2024年6月"}], "self_evaluation": "具备扎实的计算机专业基础，熟练掌握前后端开发技术和国产化系统适配相关知识，参与过软件杯竞赛项目和企业实习，具备较强的项目开发能力和问题排查能力。工作认真负责，善于沟通协作，学习能力强，能快速适应新的技术和工作环境，对软件开发有浓厚的兴趣，致力于成为一名优秀的软件工程师，为企业发展贡献力量。", "highlights": ["参与软件杯竞赛并获得校级二等奖", "掌握Vue3、FastAPI等技术栈", "熟悉国产化系统适配", "具备良好的代码规范和问题排查能力"]}', '["Python", "Java", "JavaScript", "Vue3", "Element Plus", "Vite", "Axios", "FastAPI", "SpringBoot", "MySQL", "达梦数据库", "Git", "Docker", "银河麒麟"]', '未提供', '本科', '张三', '13800138000', 'zhangsan@test.com', 'completed', 0, '2026-04-19 16:00:24.266409', '2026-04-19 16:00:24.266409');
INSERT INTO ai_resume_parse (id, resume_id, user_id, raw_text, parsed_result, skills, experience, education, name, phone, email, parse_status, is_manual_modified, created_at, updated_at) VALUES (8, NULL, '088e8a07-e365-4955-99f2-894c77fcd5d4', '求职简历（测试用） 姓名：张三 性别：男 年龄：22岁 联系电话：13800138000 电子邮箱：zhangsan@test.com 求职意向：软件工程师（后端/前端） 期望薪资：8000-10000元/月 期望城市：北京、上海、广州 一、教育背景 学校名称：XX大学 专业：计算机科学与技术（本科） 就读时间：2020年9月 - 2024年6月 学业成绩：GPA 3.7/4.0（专业前15%） 核心课程：计算机组成原理、数据结构、Java编程、Python开发、Web前端技术、数据库原理、操作系统 二、专业技能 编程语言：熟练掌握Python、Java、JavaScript，了解C++，能独立完成项目开发 前端技术：掌握Vue3、Element Plus、Vite、Axios，能开发响应式页面，熟悉前端工程化 后端技术：熟悉FastAPI、SpringBoot框架，掌握RESTful接口开发，了解微服务思想 数据库：熟练使用MySQL、达梦数据库（DM8），能编写复杂SQL语句，了解数据库优化 其他技能：掌握Git版本控制、Docker容器基础，了解国产化系统（银河麒麟）适配，具备良好的代码规范和问题排查能力 三、项目经历 项目名称：基于AI的人才职位智能匹配系统 项目时间：2023年9月 - 2024年3月 担任角色：前端开发工程师 项目描述：该项目为软件杯竞赛项目，基于Vue3+FastAPI+达梦数据库开发，适配LoongArch 3A5000+银河麒麟国产化系统，实现求职者简历上传、企业岗位发布、AI智能匹配、能力图谱可视化等功能，解决人才与岗位精准匹配的痛点。 负责内容： 负责前端页面开发，包括登录页、简历上传页、岗位匹配页、能力图谱页，使用Element Plus组件库实现页面美化和交互 封装前端API请求，配置跨域代理，实现前后端数据交互，确保简历上传、匹配结果展示等功能正常运行 参与项目国产化适配，优化页面兼容性，确保系统在银河麒麟系统上正常显示和使用 配合后端开发人员完成接口联调，排查并解决前端语法错误、数据渲染异常等问题 项目成果：项目成功完成并参与软件杯竞赛，获得校级二等奖，实现简历解析准确率90%以上，岗位匹配响应时间≤1秒，支持单账号多角色（求职者/企业）切换使用。 四、实习经历 公司名称：XX科技有限公司 实习岗位：前端开发实习生 实习时间：2024年1月 - 2024年4月 实习内容： 协助开发公司内部管理系统前端页面，使用Vue3+Element Plus实现表单提交、数据展示等功能 参与前端代码优化，修复页面兼容性问题，提升页面加载速度和用户体验 配合测试人员完成功能测试，修改前端bug，确保系统稳定运行 五、荣誉奖项 2023年11月：软件杯全国大学生软件设计大赛 校级二等奖 2022年12月：XX大学 三好学生标兵 2022年6月：全国计算机二级证书（Python语言） 2021年12月：XX大学 优秀学生奖学金 六、自我评价 具备扎实的计算机专业基础，熟练掌握前后端开发技术和国产化系统适配相关知识，参与过软件杯竞赛项目和企业实习，具备较强的项目开发能力和问题排查能力。工作认真负责，善于沟通协作，学习能力强，能快速适应新的技术和工作环境，对软件开发有浓厚的兴趣，致力于成为一名优秀的软件工程师，为企业发展贡献力量。', '{"name": "张三", "phone": "13800138000", "email": "zhangsan@test.com", "education": "本科", "experience_years": "未提供", "skills": ["Python", "Java", "JavaScript", "Vue3", "Element Plus", "Vite", "Axios", "FastAPI", "SpringBoot", "MySQL", "达梦数据库", "Git", "Docker", "银河麒麟"], "work_experience": [{"company": "XX科技有限公司", "position": "前端开发实习生", "duration": "2024年1月 - 2024年4月", "description": "协助开发公司内部管理系统前端页面，使用Vue3+Element Plus实现表单提交、数据展示等功能；参与前端代码优化，修复页面兼容性问题，提升页面加载速度和用户体验；配合测试人员完成功能测试，修改前端bug，确保系统稳定运行"}], "education_history": [{"school": "XX大学", "degree": "本科", "major": "计算机科学与技术", "duration": "2020年9月 - 2024年6月"}], "self_evaluation": "具备扎实的计算机专业基础，熟练掌握前后端开发技术和国产化系统适配相关知识，参与过软件杯竞赛项目和企业实习，具备较强的项目开发能力和问题排查能力。工作认真负责，善于沟通协作，学习能力强，能快速适应新的技术和工作环境，对软件开发有浓厚的兴趣，致力于成为一名优秀的软件工程师，为企业发展贡献力量。", "highlights": ["参与软件杯竞赛并获得校级二等奖", "掌握Vue3、FastAPI等主流技术栈", "具备国产化系统适配经验", "熟悉前后端开发及数据库优化"]}', '["Python", "Java", "JavaScript", "Vue3", "Element Plus", "Vite", "Axios", "FastAPI", "SpringBoot", "MySQL", "达梦数据库", "Git", "Docker", "银河麒麟"]', '未提供', '本科', '张三', '13800138000', 'zhangsan@test.com', 'completed', 0, '2026-04-19 17:14:45.906909', '2026-04-19 17:14:45.906909');
INSERT INTO ai_resume_parse (id, resume_id, user_id, raw_text, parsed_result, skills, experience, education, name, phone, email, parse_status, is_manual_modified, created_at, updated_at) VALUES (9, NULL, '088e8a07-e365-4955-99f2-894c77fcd5d4', '求职简历（测试用） 姓名：张三 性别：男 年龄：22岁 联系电话：13800138000 电子邮箱：zhangsan@test.com 求职意向：软件工程师（后端/前端） 期望薪资：8000-10000元/月 期望城市：北京、上海、广州 一、教育背景 学校名称：XX大学 专业：计算机科学与技术（本科） 就读时间：2020年9月 - 2024年6月 学业成绩：GPA 3.7/4.0（专业前15%） 核心课程：计算机组成原理、数据结构、Java编程、Python开发、Web前端技术、数据库原理、操作系统 二、专业技能 编程语言：熟练掌握Python、Java、JavaScript，了解C++，能独立完成项目开发 前端技术：掌握Vue3、Element Plus、Vite、Axios，能开发响应式页面，熟悉前端工程化 后端技术：熟悉FastAPI、SpringBoot框架，掌握RESTful接口开发，了解微服务思想 数据库：熟练使用MySQL、达梦数据库（DM8），能编写复杂SQL语句，了解数据库优化 其他技能：掌握Git版本控制、Docker容器基础，了解国产化系统（银河麒麟）适配，具备良好的代码规范和问题排查能力 三、项目经历 项目名称：基于AI的人才职位智能匹配系统 项目时间：2023年9月 - 2024年3月 担任角色：前端开发工程师 项目描述：该项目为软件杯竞赛项目，基于Vue3+FastAPI+达梦数据库开发，适配LoongArch 3A5000+银河麒麟国产化系统，实现求职者简历上传、企业岗位发布、AI智能匹配、能力图谱可视化等功能，解决人才与岗位精准匹配的痛点。 负责内容： 负责前端页面开发，包括登录页、简历上传页、岗位匹配页、能力图谱页，使用Element Plus组件库实现页面美化和交互 封装前端API请求，配置跨域代理，实现前后端数据交互，确保简历上传、匹配结果展示等功能正常运行 参与项目国产化适配，优化页面兼容性，确保系统在银河麒麟系统上正常显示和使用 配合后端开发人员完成接口联调，排查并解决前端语法错误、数据渲染异常等问题 项目成果：项目成功完成并参与软件杯竞赛，获得校级二等奖，实现简历解析准确率90%以上，岗位匹配响应时间≤1秒，支持单账号多角色（求职者/企业）切换使用。 四、实习经历 公司名称：XX科技有限公司 实习岗位：前端开发实习生 实习时间：2024年1月 - 2024年4月 实习内容： 协助开发公司内部管理系统前端页面，使用Vue3+Element Plus实现表单提交、数据展示等功能 参与前端代码优化，修复页面兼容性问题，提升页面加载速度和用户体验 配合测试人员完成功能测试，修改前端bug，确保系统稳定运行 五、荣誉奖项 2023年11月：软件杯全国大学生软件设计大赛 校级二等奖 2022年12月：XX大学 三好学生标兵 2022年6月：全国计算机二级证书（Python语言） 2021年12月：XX大学 优秀学生奖学金 六、自我评价 具备扎实的计算机专业基础，熟练掌握前后端开发技术和国产化系统适配相关知识，参与过软件杯竞赛项目和企业实习，具备较强的项目开发能力和问题排查能力。工作认真负责，善于沟通协作，学习能力强，能快速适应新的技术和工作环境，对软件开发有浓厚的兴趣，致力于成为一名优秀的软件工程师，为企业发展贡献力量。', '{"name": "张三", "phone": "13800138000", "email": "zhangsan@test.com", "education": "本科", "experience_years": "未提供", "skills": ["Python", "Java", "JavaScript", "Vue3", "Element Plus", "Vite", "Axios", "FastAPI", "SpringBoot", "MySQL", "达梦数据库", "Git", "Docker", "银河麒麟"], "work_experience": [{"company": "XX科技有限公司", "position": "前端开发实习生", "duration": "2024年1月 - 2024年4月", "description": "协助开发公司内部管理系统前端页面，使用Vue3+Element Plus实现表单提交、数据展示等功能；参与前端代码优化，修复页面兼容性问题，提升页面加载速度和用户体验；配合测试人员完成功能测试，修改前端bug，确保系统稳定运行"}], "education_history": [{"school": "XX大学", "degree": "本科", "major": "计算机科学与技术", "duration": "2020年9月 - 2024年6月"}], "self_evaluation": "具备扎实的计算机专业基础，熟练掌握前后端开发技术和国产化系统适配相关知识，参与过软件杯竞赛项目和企业实习，具备较强的项目开发能力和问题排查能力。工作认真负责，善于沟通协作，学习能力强，能快速适应新的技术和工作环境，对软件开发有浓厚的兴趣，致力于成为一名优秀的软件工程师，为企业发展贡献力量。", "highlights": ["参与软件杯竞赛并获得校级二等奖", "掌握Vue3、FastAPI等主流技术栈", "熟悉国产化系统适配及优化", "具备良好的代码规范和问题排查能力"]}', '["Python", "Java", "JavaScript", "Vue3", "Element Plus", "Vite", "Axios", "FastAPI", "SpringBoot", "MySQL", "达梦数据库", "Git", "Docker", "银河麒麟"]', '未提供', '本科', '张三', '13800138000', 'zhangsan@test.com', 'completed', 0, '2026-04-19 22:20:54.854068', '2026-04-19 22:20:54.854068');
INSERT INTO ai_resume_parse (id, resume_id, user_id, raw_text, parsed_result, skills, experience, education, name, phone, email, parse_status, is_manual_modified, created_at, updated_at) VALUES (10, NULL, '088e8a07-e365-4955-99f2-894c77fcd5d4', '求职简历（测试用） 姓名：张三 性别：男 年龄：22岁 联系电话：13800138000 电子邮箱：zhangsan@test.com 求职意向：软件工程师（后端/前端） 期望薪资：8000-10000元/月 期望城市：北京、上海、广州 一、教育背景 学校名称：XX大学 专业：计算机科学与技术（本科） 就读时间：2020年9月 - 2024年6月 学业成绩：GPA 3.7/4.0（专业前15%） 核心课程：计算机组成原理、数据结构、Java编程、Python开发、Web前端技术、数据库原理、操作系统 二、专业技能 编程语言：熟练掌握Python、Java、JavaScript，了解C++，能独立完成项目开发 前端技术：掌握Vue3、Element Plus、Vite、Axios，能开发响应式页面，熟悉前端工程化 后端技术：熟悉FastAPI、SpringBoot框架，掌握RESTful接口开发，了解微服务思想 数据库：熟练使用MySQL、达梦数据库（DM8），能编写复杂SQL语句，了解数据库优化 其他技能：掌握Git版本控制、Docker容器基础，了解国产化系统（银河麒麟）适配，具备良好的代码规范和问题排查能力 三、项目经历 项目名称：基于AI的人才职位智能匹配系统 项目时间：2023年9月 - 2024年3月 担任角色：前端开发工程师 项目描述：该项目为软件杯竞赛项目，基于Vue3+FastAPI+达梦数据库开发，适配LoongArch 3A5000+银河麒麟国产化系统，实现求职者简历上传、企业岗位发布、AI智能匹配、能力图谱可视化等功能，解决人才与岗位精准匹配的痛点。 负责内容： 负责前端页面开发，包括登录页、简历上传页、岗位匹配页、能力图谱页，使用Element Plus组件库实现页面美化和交互 封装前端API请求，配置跨域代理，实现前后端数据交互，确保简历上传、匹配结果展示等功能正常运行 参与项目国产化适配，优化页面兼容性，确保系统在银河麒麟系统上正常显示和使用 配合后端开发人员完成接口联调，排查并解决前端语法错误、数据渲染异常等问题 项目成果：项目成功完成并参与软件杯竞赛，获得校级二等奖，实现简历解析准确率90%以上，岗位匹配响应时间≤1秒，支持单账号多角色（求职者/企业）切换使用。 四、实习经历 公司名称：XX科技有限公司 实习岗位：前端开发实习生 实习时间：2024年1月 - 2024年4月 实习内容： 协助开发公司内部管理系统前端页面，使用Vue3+Element Plus实现表单提交、数据展示等功能 参与前端代码优化，修复页面兼容性问题，提升页面加载速度和用户体验 配合测试人员完成功能测试，修改前端bug，确保系统稳定运行 五、荣誉奖项 2023年11月：软件杯全国大学生软件设计大赛 校级二等奖 2022年12月：XX大学 三好学生标兵 2022年6月：全国计算机二级证书（Python语言） 2021年12月：XX大学 优秀学生奖学金 六、自我评价 具备扎实的计算机专业基础，熟练掌握前后端开发技术和国产化系统适配相关知识，参与过软件杯竞赛项目和企业实习，具备较强的项目开发能力和问题排查能力。工作认真负责，善于沟通协作，学习能力强，能快速适应新的技术和工作环境，对软件开发有浓厚的兴趣，致力于成为一名优秀的软件工程师，为企业发展贡献力量。', '{"name": "张三", "phone": "13800138000", "email": "zhangsan@test.com", "education": "本科", "experience_years": "未提供", "skills": ["Python", "Java", "JavaScript", "Vue3", "Element Plus", "Vite", "Axios", "FastAPI", "SpringBoot", "MySQL", "达梦数据库", "Git", "Docker", "银河麒麟"], "work_experience": [{"company": "XX科技有限公司", "position": "前端开发实习生", "duration": "2024年1月 - 2024年4月", "description": "协助开发公司内部管理系统前端页面，使用Vue3+Element Plus实现表单提交、数据展示等功能；参与前端代码优化，修复页面兼容性问题，提升页面加载速度和用户体验；配合测试人员完成功能测试，修改前端bug，确保系统稳定运行"}], "education_history": [{"school": "XX大学", "degree": "本科", "major": "计算机科学与技术", "duration": "2020年9月 - 2024年6月"}], "self_evaluation": "具备扎实的计算机专业基础，熟练掌握前后端开发技术和国产化系统适配相关知识，参与过软件杯竞赛项目和企业实习，具备较强的项目开发能力和问题排查能力。工作认真负责，善于沟通协作，学习能力强，能快速适应新的技术和工作环境，对软件开发有浓厚的兴趣，致力于成为一名优秀的软件工程师，为企业发展贡献力量。", "highlights": ["参与软件杯竞赛项目并获得校级二等奖", "熟悉前后端开发及国产化系统适配", "具备良好的代码规范和问题排查能力"]}', '["Python", "Java", "JavaScript", "Vue3", "Element Plus", "Vite", "Axios", "FastAPI", "SpringBoot", "MySQL", "达梦数据库", "Git", "Docker", "银河麒麟"]', '未提供', '本科', '张三', '13800138000', 'zhangsan@test.com', 'completed', 0, '2026-04-19 22:24:10.994852', '2026-04-19 22:24:10.994852');
INSERT INTO ai_resume_parse (id, resume_id, user_id, raw_text, parsed_result, skills, experience, education, name, phone, email, parse_status, is_manual_modified, created_at, updated_at) VALUES (11, NULL, '088e8a07-e365-4955-99f2-894c77fcd5d4', '求职简历（测试用） 姓名：张三 性别：男 年龄：22岁 联系电话：13800138000 电子邮箱：zhangsan@test.com 求职意向：软件工程师（后端/前端） 期望薪资：8000-10000元/月 期望城市：北京、上海、广州 一、教育背景 学校名称：XX大学 专业：计算机科学与技术（本科） 就读时间：2020年9月 - 2024年6月 学业成绩：GPA 3.7/4.0（专业前15%） 核心课程：计算机组成原理、数据结构、Java编程、Python开发、Web前端技术、数据库原理、操作系统 二、专业技能 编程语言：熟练掌握Python、Java、JavaScript，了解C++，能独立完成项目开发 前端技术：掌握Vue3、Element Plus、Vite、Axios，能开发响应式页面，熟悉前端工程化 后端技术：熟悉FastAPI、SpringBoot框架，掌握RESTful接口开发，了解微服务思想 数据库：熟练使用MySQL、达梦数据库（DM8），能编写复杂SQL语句，了解数据库优化 其他技能：掌握Git版本控制、Docker容器基础，了解国产化系统（银河麒麟）适配，具备良好的代码规范和问题排查能力 三、项目经历 项目名称：基于AI的人才职位智能匹配系统 项目时间：2023年9月 - 2024年3月 担任角色：前端开发工程师 项目描述：该项目为软件杯竞赛项目，基于Vue3+FastAPI+达梦数据库开发，适配LoongArch 3A5000+银河麒麟国产化系统，实现求职者简历上传、企业岗位发布、AI智能匹配、能力图谱可视化等功能，解决人才与岗位精准匹配的痛点。 负责内容： 负责前端页面开发，包括登录页、简历上传页、岗位匹配页、能力图谱页，使用Element Plus组件库实现页面美化和交互 封装前端API请求，配置跨域代理，实现前后端数据交互，确保简历上传、匹配结果展示等功能正常运行 参与项目国产化适配，优化页面兼容性，确保系统在银河麒麟系统上正常显示和使用 配合后端开发人员完成接口联调，排查并解决前端语法错误、数据渲染异常等问题 项目成果：项目成功完成并参与软件杯竞赛，获得校级二等奖，实现简历解析准确率90%以上，岗位匹配响应时间≤1秒，支持单账号多角色（求职者/企业）切换使用。 四、实习经历 公司名称：XX科技有限公司 实习岗位：前端开发实习生 实习时间：2024年1月 - 2024年4月 实习内容： 协助开发公司内部管理系统前端页面，使用Vue3+Element Plus实现表单提交、数据展示等功能 参与前端代码优化，修复页面兼容性问题，提升页面加载速度和用户体验 配合测试人员完成功能测试，修改前端bug，确保系统稳定运行 五、荣誉奖项 2023年11月：软件杯全国大学生软件设计大赛 校级二等奖 2022年12月：XX大学 三好学生标兵 2022年6月：全国计算机二级证书（Python语言） 2021年12月：XX大学 优秀学生奖学金 六、自我评价 具备扎实的计算机专业基础，熟练掌握前后端开发技术和国产化系统适配相关知识，参与过软件杯竞赛项目和企业实习，具备较强的项目开发能力和问题排查能力。工作认真负责，善于沟通协作，学习能力强，能快速适应新的技术和工作环境，对软件开发有浓厚的兴趣，致力于成为一名优秀的软件工程师，为企业发展贡献力量。', '{"name": "张三", "phone": "13800138000", "email": "zhangsan@test.com", "education": "本科", "experience_years": "未提供", "skills": ["Python", "Java", "JavaScript", "Vue3", "Element Plus", "Vite", "Axios", "FastAPI", "SpringBoot", "MySQL", "达梦数据库", "Git", "Docker", "银河麒麟"], "work_experience": [{"company": "XX科技有限公司", "position": "前端开发实习生", "duration": "2024年1月 - 2024年4月", "description": "协助开发公司内部管理系统前端页面，使用Vue3+Element Plus实现表单提交、数据展示等功能；参与前端代码优化，修复页面兼容性问题，提升页面加载速度和用户体验；配合测试人员完成功能测试，修改前端bug，确保系统稳定运行"}], "education_history": [{"school": "XX大学", "degree": "本科", "major": "计算机科学与技术", "duration": "2020年9月 - 2024年6月"}], "self_evaluation": "具备扎实的计算机专业基础，熟练掌握前后端开发技术和国产化系统适配相关知识，参与过软件杯竞赛项目和企业实习，具备较强的项目开发能力和问题排查能力。工作认真负责，善于沟通协作，学习能力强，能快速适应新的技术和工作环境，对软件开发有浓厚的兴趣，致力于成为一名优秀的软件工程师，为企业发展贡献力量。", "highlights": ["参与软件杯竞赛项目并获得校级二等奖", "掌握Vue3、FastAPI、达梦数据库等技术栈", "具备国产化系统（银河麒麟）适配经验"]}', '["Python", "Java", "JavaScript", "Vue3", "Element Plus", "Vite", "Axios", "FastAPI", "SpringBoot", "MySQL", "达梦数据库", "Git", "Docker", "银河麒麟"]', '未提供', '本科', '张三', '13800138000', 'zhangsan@test.com', 'completed', 0, '2026-04-19 22:35:33.591804', '2026-04-19 22:35:33.591804');
INSERT INTO ai_resume_parse (id, resume_id, user_id, raw_text, parsed_result, skills, experience, education, name, phone, email, parse_status, is_manual_modified, created_at, updated_at) VALUES (12, NULL, '088e8a07-e365-4955-99f2-894c77fcd5d4', '求职简历（测试用） 姓名：张三 性别：男 年龄：22岁 联系电话：13800138000 电子邮箱：zhangsan@test.com 求职意向：软件工程师（后端/前端） 期望薪资：8000-10000元/月 期望城市：北京、上海、广州 一、教育背景 学校名称：XX大学 专业：计算机科学与技术（本科） 就读时间：2020年9月 - 2024年6月 学业成绩：GPA 3.7/4.0（专业前15%） 核心课程：计算机组成原理、数据结构、Java编程、Python开发、Web前端技术、数据库原理、操作系统 二、专业技能 编程语言：熟练掌握Python、Java、JavaScript，了解C++，能独立完成项目开发 前端技术：掌握Vue3、Element Plus、Vite、Axios，能开发响应式页面，熟悉前端工程化 后端技术：熟悉FastAPI、SpringBoot框架，掌握RESTful接口开发，了解微服务思想 数据库：熟练使用MySQL、达梦数据库（DM8），能编写复杂SQL语句，了解数据库优化 其他技能：掌握Git版本控制、Docker容器基础，了解国产化系统（银河麒麟）适配，具备良好的代码规范和问题排查能力 三、项目经历 项目名称：基于AI的人才职位智能匹配系统 项目时间：2023年9月 - 2024年3月 担任角色：前端开发工程师 项目描述：该项目为软件杯竞赛项目，基于Vue3+FastAPI+达梦数据库开发，适配LoongArch 3A5000+银河麒麟国产化系统，实现求职者简历上传、企业岗位发布、AI智能匹配、能力图谱可视化等功能，解决人才与岗位精准匹配的痛点。 负责内容： 负责前端页面开发，包括登录页、简历上传页、岗位匹配页、能力图谱页，使用Element Plus组件库实现页面美化和交互 封装前端API请求，配置跨域代理，实现前后端数据交互，确保简历上传、匹配结果展示等功能正常运行 参与项目国产化适配，优化页面兼容性，确保系统在银河麒麟系统上正常显示和使用 配合后端开发人员完成接口联调，排查并解决前端语法错误、数据渲染异常等问题 项目成果：项目成功完成并参与软件杯竞赛，获得校级二等奖，实现简历解析准确率90%以上，岗位匹配响应时间≤1秒，支持单账号多角色（求职者/企业）切换使用。 四、实习经历 公司名称：XX科技有限公司 实习岗位：前端开发实习生 实习时间：2024年1月 - 2024年4月 实习内容： 协助开发公司内部管理系统前端页面，使用Vue3+Element Plus实现表单提交、数据展示等功能 参与前端代码优化，修复页面兼容性问题，提升页面加载速度和用户体验 配合测试人员完成功能测试，修改前端bug，确保系统稳定运行 五、荣誉奖项 2023年11月：软件杯全国大学生软件设计大赛 校级二等奖 2022年12月：XX大学 三好学生标兵 2022年6月：全国计算机二级证书（Python语言） 2021年12月：XX大学 优秀学生奖学金 六、自我评价 具备扎实的计算机专业基础，熟练掌握前后端开发技术和国产化系统适配相关知识，参与过软件杯竞赛项目和企业实习，具备较强的项目开发能力和问题排查能力。工作认真负责，善于沟通协作，学习能力强，能快速适应新的技术和工作环境，对软件开发有浓厚的兴趣，致力于成为一名优秀的软件工程师，为企业发展贡献力量。', '{"name": "张三", "phone": "13800138000", "email": "zhangsan@test.com", "education": "本科", "experience_years": "未提供", "skills": ["Python", "Java", "JavaScript", "Vue3", "Element Plus", "Vite", "Axios", "FastAPI", "SpringBoot", "MySQL", "达梦数据库", "Git", "Docker", "银河麒麟"], "work_experience": [{"company": "XX科技有限公司", "position": "前端开发实习生", "duration": "2024年1月 - 2024年4月", "description": "协助开发公司内部管理系统前端页面，使用Vue3+Element Plus实现表单提交、数据展示等功能；参与前端代码优化，修复页面兼容性问题，提升页面加载速度和用户体验；配合测试人员完成功能测试，修改前端bug，确保系统稳定运行"}], "education_history": [{"school": "XX大学", "degree": "本科", "major": "计算机科学与技术", "duration": "2020年9月 - 2024年6月"}], "self_evaluation": "具备扎实的计算机专业基础，熟练掌握前后端开发技术和国产化系统适配相关知识，参与过软件杯竞赛项目和企业实习，具备较强的项目开发能力和问题排查能力。工作认真负责，善于沟通协作，学习能力强，能快速适应新的技术和工作环境，对软件开发有浓厚的兴趣，致力于成为一名优秀的软件工程师，为企业发展贡献力量。", "highlights": ["参与软件杯竞赛项目并获得校级二等奖", "熟悉前后端开发技术及国产化系统适配", "具备良好的代码规范和问题排查能力", "掌握多种编程语言和框架"]}', '["Python", "Java", "JavaScript", "Vue3", "Element Plus", "Vite", "Axios", "FastAPI", "SpringBoot", "MySQL", "达梦数据库", "Git", "Docker", "银河麒麟"]', '未提供', '本科', '张三', '13800138000', 'zhangsan@test.com', 'completed', 0, '2026-04-19 22:51:51.518631', '2026-04-19 22:51:51.518631');
INSERT INTO ai_resume_parse (id, resume_id, user_id, raw_text, parsed_result, skills, experience, education, name, phone, email, parse_status, is_manual_modified, created_at, updated_at) VALUES (13, NULL, '088e8a07-e365-4955-99f2-894c77fcd5d4', '求职简历（测试用） 姓名：张三 性别：男 年龄：22岁 联系电话：13800138000 电子邮箱：zhangsan@test.com 求职意向：软件工程师（后端/前端） 期望薪资：8000-10000元/月 期望城市：北京、上海、广州 一、教育背景 学校名称：XX大学 专业：计算机科学与技术（本科） 就读时间：2020年9月 - 2024年6月 学业成绩：GPA 3.7/4.0（专业前15%） 核心课程：计算机组成原理、数据结构、Java编程、Python开发、Web前端技术、数据库原理、操作系统 二、专业技能 编程语言：熟练掌握Python、Java、JavaScript，了解C++，能独立完成项目开发 前端技术：掌握Vue3、Element Plus、Vite、Axios，能开发响应式页面，熟悉前端工程化 后端技术：熟悉FastAPI、SpringBoot框架，掌握RESTful接口开发，了解微服务思想 数据库：熟练使用MySQL、达梦数据库（DM8），能编写复杂SQL语句，了解数据库优化 其他技能：掌握Git版本控制、Docker容器基础，了解国产化系统（银河麒麟）适配，具备良好的代码规范和问题排查能力 三、项目经历 项目名称：基于AI的人才职位智能匹配系统 项目时间：2023年9月 - 2024年3月 担任角色：前端开发工程师 项目描述：该项目为软件杯竞赛项目，基于Vue3+FastAPI+达梦数据库开发，适配LoongArch 3A5000+银河麒麟国产化系统，实现求职者简历上传、企业岗位发布、AI智能匹配、能力图谱可视化等功能，解决人才与岗位精准匹配的痛点。 负责内容： 负责前端页面开发，包括登录页、简历上传页、岗位匹配页、能力图谱页，使用Element Plus组件库实现页面美化和交互 封装前端API请求，配置跨域代理，实现前后端数据交互，确保简历上传、匹配结果展示等功能正常运行 参与项目国产化适配，优化页面兼容性，确保系统在银河麒麟系统上正常显示和使用 配合后端开发人员完成接口联调，排查并解决前端语法错误、数据渲染异常等问题 项目成果：项目成功完成并参与软件杯竞赛，获得校级二等奖，实现简历解析准确率90%以上，岗位匹配响应时间≤1秒，支持单账号多角色（求职者/企业）切换使用。 四、实习经历 公司名称：XX科技有限公司 实习岗位：前端开发实习生 实习时间：2024年1月 - 2024年4月 实习内容： 协助开发公司内部管理系统前端页面，使用Vue3+Element Plus实现表单提交、数据展示等功能 参与前端代码优化，修复页面兼容性问题，提升页面加载速度和用户体验 配合测试人员完成功能测试，修改前端bug，确保系统稳定运行 五、荣誉奖项 2023年11月：软件杯全国大学生软件设计大赛 校级二等奖 2022年12月：XX大学 三好学生标兵 2022年6月：全国计算机二级证书（Python语言） 2021年12月：XX大学 优秀学生奖学金 六、自我评价 具备扎实的计算机专业基础，熟练掌握前后端开发技术和国产化系统适配相关知识，参与过软件杯竞赛项目和企业实习，具备较强的项目开发能力和问题排查能力。工作认真负责，善于沟通协作，学习能力强，能快速适应新的技术和工作环境，对软件开发有浓厚的兴趣，致力于成为一名优秀的软件工程师，为企业发展贡献力量。', '{"name": "张三", "phone": "13800138000", "email": "zhangsan@test.com", "education": "本科", "experience_years": "未提供", "skills": ["Python", "Java", "JavaScript", "Vue3", "Element Plus", "Vite", "Axios", "FastAPI", "SpringBoot", "MySQL", "达梦数据库", "Git", "Docker", "银河麒麟"], "work_experience": [{"company": "XX科技有限公司", "position": "前端开发实习生", "duration": "2024年1月 - 2024年4月", "description": "协助开发公司内部管理系统前端页面，使用Vue3+Element Plus实现表单提交、数据展示等功能；参与前端代码优化，修复页面兼容性问题，提升页面加载速度和用户体验；配合测试人员完成功能测试，修改前端bug，确保系统稳定运行"}], "education_history": [{"school": "XX大学", "degree": "本科", "major": "计算机科学与技术", "duration": "2020年9月 - 2024年6月"}], "self_evaluation": "具备扎实的计算机专业基础，熟练掌握前后端开发技术和国产化系统适配相关知识，参与过软件杯竞赛项目和企业实习，具备较强的项目开发能力和问题排查能力。工作认真负责，善于沟通协作，学习能力强，能快速适应新的技术和工作环境，对软件开发有浓厚的兴趣，致力于成为一名优秀的软件工程师，为企业发展贡献力量。", "highlights": ["参与软件杯竞赛并获得校级二等奖", "掌握Vue3、FastAPI等技术栈", "熟悉国产化系统适配", "具备良好的代码规范和问题排查能力"]}', '["Python", "Java", "JavaScript", "Vue3", "Element Plus", "Vite", "Axios", "FastAPI", "SpringBoot", "MySQL", "达梦数据库", "Git", "Docker", "银河麒麟"]', '未提供', '本科', '张三', '13800138000', 'zhangsan@test.com', 'completed', 0, '2026-04-20 12:19:23.219579', '2026-04-20 12:19:23.219579');
INSERT INTO ai_resume_parse (id, resume_id, user_id, raw_text, parsed_result, skills, experience, education, name, phone, email, parse_status, is_manual_modified, created_at, updated_at) VALUES (14, NULL, '088e8a07-e365-4955-99f2-894c77fcd5d4', '求职简历（测试用） 姓名：张三 性别：男 年龄：22岁 联系电话：13800138000 电子邮箱：zhangsan@test.com 求职意向：软件工程师（后端/前端） 期望薪资：8000-10000元/月 期望城市：北京、上海、广州 一、教育背景 学校名称：XX大学 专业：计算机科学与技术（本科） 就读时间：2020年9月 - 2024年6月 学业成绩：GPA 3.7/4.0（专业前15%） 核心课程：计算机组成原理、数据结构、Java编程、Python开发、Web前端技术、数据库原理、操作系统 二、专业技能 编程语言：熟练掌握Python、Java、JavaScript，了解C++，能独立完成项目开发 前端技术：掌握Vue3、Element Plus、Vite、Axios，能开发响应式页面，熟悉前端工程化 后端技术：熟悉FastAPI、SpringBoot框架，掌握RESTful接口开发，了解微服务思想 数据库：熟练使用MySQL、达梦数据库（DM8），能编写复杂SQL语句，了解数据库优化 其他技能：掌握Git版本控制、Docker容器基础，了解国产化系统（银河麒麟）适配，具备良好的代码规范和问题排查能力 三、项目经历 项目名称：基于AI的人才职位智能匹配系统 项目时间：2023年9月 - 2024年3月 担任角色：前端开发工程师 项目描述：该项目为软件杯竞赛项目，基于Vue3+FastAPI+达梦数据库开发，适配LoongArch 3A5000+银河麒麟国产化系统，实现求职者简历上传、企业岗位发布、AI智能匹配、能力图谱可视化等功能，解决人才与岗位精准匹配的痛点。 负责内容： 负责前端页面开发，包括登录页、简历上传页、岗位匹配页、能力图谱页，使用Element Plus组件库实现页面美化和交互 封装前端API请求，配置跨域代理，实现前后端数据交互，确保简历上传、匹配结果展示等功能正常运行 参与项目国产化适配，优化页面兼容性，确保系统在银河麒麟系统上正常显示和使用 配合后端开发人员完成接口联调，排查并解决前端语法错误、数据渲染异常等问题 项目成果：项目成功完成并参与软件杯竞赛，获得校级二等奖，实现简历解析准确率90%以上，岗位匹配响应时间≤1秒，支持单账号多角色（求职者/企业）切换使用。 四、实习经历 公司名称：XX科技有限公司 实习岗位：前端开发实习生 实习时间：2024年1月 - 2024年4月 实习内容： 协助开发公司内部管理系统前端页面，使用Vue3+Element Plus实现表单提交、数据展示等功能 参与前端代码优化，修复页面兼容性问题，提升页面加载速度和用户体验 配合测试人员完成功能测试，修改前端bug，确保系统稳定运行 五、荣誉奖项 2023年11月：软件杯全国大学生软件设计大赛 校级二等奖 2022年12月：XX大学 三好学生标兵 2022年6月：全国计算机二级证书（Python语言） 2021年12月：XX大学 优秀学生奖学金 六、自我评价 具备扎实的计算机专业基础，熟练掌握前后端开发技术和国产化系统适配相关知识，参与过软件杯竞赛项目和企业实习，具备较强的项目开发能力和问题排查能力。工作认真负责，善于沟通协作，学习能力强，能快速适应新的技术和工作环境，对软件开发有浓厚的兴趣，致力于成为一名优秀的软件工程师，为企业发展贡献力量。', '{"name": "张三", "phone": "13800138000", "email": "zhangsan@test.com", "education": "本科", "experience_years": "未提供", "skills": ["Python", "Java", "JavaScript", "Vue3", "Element Plus", "Vite", "Axios", "FastAPI", "SpringBoot", "MySQL", "达梦数据库", "Git", "Docker", "银河麒麟"], "work_experience": [{"company": "XX科技有限公司", "position": "前端开发实习生", "duration": "2024年1月 - 2024年4月", "description": "协助开发公司内部管理系统前端页面，使用Vue3+Element Plus实现表单提交、数据展示等功能；参与前端代码优化，修复页面兼容性问题，提升页面加载速度和用户体验；配合测试人员完成功能测试，修改前端bug，确保系统稳定运行"}], "education_history": [{"school": "XX大学", "degree": "本科", "major": "计算机科学与技术", "duration": "2020年9月 - 2024年6月"}], "self_evaluation": "具备扎实的计算机专业基础，熟练掌握前后端开发技术和国产化系统适配相关知识，参与过软件杯竞赛项目和企业实习，具备较强的项目开发能力和问题排查能力。工作认真负责，善于沟通协作，学习能力强，能快速适应新的技术和工作环境，对软件开发有浓厚的兴趣，致力于成为一名优秀的软件工程师，为企业发展贡献力量。", "highlights": ["参与软件杯竞赛项目并获得校级二等奖", "熟悉前后端开发及国产化系统适配", "具备良好的代码规范和问题排查能力"]}', '["Python", "Java", "JavaScript", "Vue3", "Element Plus", "Vite", "Axios", "FastAPI", "SpringBoot", "MySQL", "达梦数据库", "Git", "Docker", "银河麒麟"]', '未提供', '本科', '张三', '13800138000', 'zhangsan@test.com', 'completed', 0, '2026-04-20 14:31:36.159488', '2026-04-20 14:31:36.159488');
INSERT INTO ai_resume_parse (id, resume_id, user_id, raw_text, parsed_result, skills, experience, education, name, phone, email, parse_status, is_manual_modified, created_at, updated_at) VALUES (15, NULL, '088e8a07-e365-4955-99f2-894c77fcd5d4', '求职简历（测试用） 姓名：张三 性别：男 年龄：22岁 联系电话：13800138000 电子邮箱：zhangsan@test.com 求职意向：软件工程师（后端/前端） 期望薪资：8000-10000元/月 期望城市：北京、上海、广州 一、教育背景 学校名称：XX大学 专业：计算机科学与技术（本科） 就读时间：2020年9月 - 2024年6月 学业成绩：GPA 3.7/4.0（专业前15%） 核心课程：计算机组成原理、数据结构、Java编程、Python开发、Web前端技术、数据库原理、操作系统 二、专业技能 编程语言：熟练掌握Python、Java、JavaScript，了解C++，能独立完成项目开发 前端技术：掌握Vue3、Element Plus、Vite、Axios，能开发响应式页面，熟悉前端工程化 后端技术：熟悉FastAPI、SpringBoot框架，掌握RESTful接口开发，了解微服务思想 数据库：熟练使用MySQL、达梦数据库（DM8），能编写复杂SQL语句，了解数据库优化 其他技能：掌握Git版本控制、Docker容器基础，了解国产化系统（银河麒麟）适配，具备良好的代码规范和问题排查能力 三、项目经历 项目名称：基于AI的人才职位智能匹配系统 项目时间：2023年9月 - 2024年3月 担任角色：前端开发工程师 项目描述：该项目为软件杯竞赛项目，基于Vue3+FastAPI+达梦数据库开发，适配LoongArch 3A5000+银河麒麟国产化系统，实现求职者简历上传、企业岗位发布、AI智能匹配、能力图谱可视化等功能，解决人才与岗位精准匹配的痛点。 负责内容： 负责前端页面开发，包括登录页、简历上传页、岗位匹配页、能力图谱页，使用Element Plus组件库实现页面美化和交互 封装前端API请求，配置跨域代理，实现前后端数据交互，确保简历上传、匹配结果展示等功能正常运行 参与项目国产化适配，优化页面兼容性，确保系统在银河麒麟系统上正常显示和使用 配合后端开发人员完成接口联调，排查并解决前端语法错误、数据渲染异常等问题 项目成果：项目成功完成并参与软件杯竞赛，获得校级二等奖，实现简历解析准确率90%以上，岗位匹配响应时间≤1秒，支持单账号多角色（求职者/企业）切换使用。 四、实习经历 公司名称：XX科技有限公司 实习岗位：前端开发实习生 实习时间：2024年1月 - 2024年4月 实习内容： 协助开发公司内部管理系统前端页面，使用Vue3+Element Plus实现表单提交、数据展示等功能 参与前端代码优化，修复页面兼容性问题，提升页面加载速度和用户体验 配合测试人员完成功能测试，修改前端bug，确保系统稳定运行 五、荣誉奖项 2023年11月：软件杯全国大学生软件设计大赛 校级二等奖 2022年12月：XX大学 三好学生标兵 2022年6月：全国计算机二级证书（Python语言） 2021年12月：XX大学 优秀学生奖学金 六、自我评价 具备扎实的计算机专业基础，熟练掌握前后端开发技术和国产化系统适配相关知识，参与过软件杯竞赛项目和企业实习，具备较强的项目开发能力和问题排查能力。工作认真负责，善于沟通协作，学习能力强，能快速适应新的技术和工作环境，对软件开发有浓厚的兴趣，致力于成为一名优秀的软件工程师，为企业发展贡献力量。', '{"name": "张三", "phone": "13800138000", "email": "zhangsan@test.com", "education": "本科", "experience_years": "未提供", "skills": ["Python", "Java", "JavaScript", "Vue3", "Element Plus", "Vite", "Axios", "FastAPI", "SpringBoot", "MySQL", "达梦数据库", "Git", "Docker", "银河麒麟"], "work_experience": [{"company": "XX科技有限公司", "position": "前端开发实习生", "duration": "2024年1月 - 2024年4月", "description": "协助开发公司内部管理系统前端页面，使用Vue3+Element Plus实现表单提交、数据展示等功能；参与前端代码优化，修复页面兼容性问题，提升页面加载速度和用户体验；配合测试人员完成功能测试，修改前端bug，确保系统稳定运行"}], "education_history": [{"school": "XX大学", "degree": "本科", "major": "计算机科学与技术", "duration": "2020年9月 - 2024年6月"}], "self_evaluation": "具备扎实的计算机专业基础，熟练掌握前后端开发技术和国产化系统适配相关知识，参与过软件杯竞赛项目和企业实习，具备较强的项目开发能力和问题排查能力。工作认真负责，善于沟通协作，学习能力强，能快速适应新的技术和工作环境，对软件开发有浓厚的兴趣，致力于成为一名优秀的软件工程师，为企业发展贡献力量。", "highlights": ["参与软件杯竞赛并获得校级二等奖", "掌握Vue3、FastAPI等技术栈", "熟悉国产化系统适配", "具备良好的代码规范和问题排查能力"]}', '["Python", "Java", "JavaScript", "Vue3", "Element Plus", "Vite", "Axios", "FastAPI", "SpringBoot", "MySQL", "达梦数据库", "Git", "Docker", "银河麒麟"]', '未提供', '本科', '张三', '13800138000', 'zhangsan@test.com', 'completed', 0, '2026-04-20 14:31:46.988643', '2026-04-20 14:31:46.988643');
INSERT INTO ai_resume_parse (id, resume_id, user_id, raw_text, parsed_result, skills, experience, education, name, phone, email, parse_status, is_manual_modified, created_at, updated_at) VALUES (16, NULL, '088e8a07-e365-4955-99f2-894c77fcd5d4', '求职简历（测试用） 姓名：张三 性别：男 年龄：22岁 联系电话：13800138000 电子邮箱：zhangsan@test.com 求职意向：软件工程师（后端/前端） 期望薪资：8000-10000元/月 期望城市：北京、上海、广州 一、教育背景 学校名称：XX大学 专业：计算机科学与技术（本科） 就读时间：2020年9月 - 2024年6月 学业成绩：GPA 3.7/4.0（专业前15%） 核心课程：计算机组成原理、数据结构、Java编程、Python开发、Web前端技术、数据库原理、操作系统 二、专业技能 编程语言：熟练掌握Python、Java、JavaScript，了解C++，能独立完成项目开发 前端技术：掌握Vue3、Element Plus、Vite、Axios，能开发响应式页面，熟悉前端工程化 后端技术：熟悉FastAPI、SpringBoot框架，掌握RESTful接口开发，了解微服务思想 数据库：熟练使用MySQL、达梦数据库（DM8），能编写复杂SQL语句，了解数据库优化 其他技能：掌握Git版本控制、Docker容器基础，了解国产化系统（银河麒麟）适配，具备良好的代码规范和问题排查能力 三、项目经历 项目名称：基于AI的人才职位智能匹配系统 项目时间：2023年9月 - 2024年3月 担任角色：前端开发工程师 项目描述：该项目为软件杯竞赛项目，基于Vue3+FastAPI+达梦数据库开发，适配LoongArch 3A5000+银河麒麟国产化系统，实现求职者简历上传、企业岗位发布、AI智能匹配、能力图谱可视化等功能，解决人才与岗位精准匹配的痛点。 负责内容： 负责前端页面开发，包括登录页、简历上传页、岗位匹配页、能力图谱页，使用Element Plus组件库实现页面美化和交互 封装前端API请求，配置跨域代理，实现前后端数据交互，确保简历上传、匹配结果展示等功能正常运行 参与项目国产化适配，优化页面兼容性，确保系统在银河麒麟系统上正常显示和使用 配合后端开发人员完成接口联调，排查并解决前端语法错误、数据渲染异常等问题 项目成果：项目成功完成并参与软件杯竞赛，获得校级二等奖，实现简历解析准确率90%以上，岗位匹配响应时间≤1秒，支持单账号多角色（求职者/企业）切换使用。 四、实习经历 公司名称：XX科技有限公司 实习岗位：前端开发实习生 实习时间：2024年1月 - 2024年4月 实习内容： 协助开发公司内部管理系统前端页面，使用Vue3+Element Plus实现表单提交、数据展示等功能 参与前端代码优化，修复页面兼容性问题，提升页面加载速度和用户体验 配合测试人员完成功能测试，修改前端bug，确保系统稳定运行 五、荣誉奖项 2023年11月：软件杯全国大学生软件设计大赛 校级二等奖 2022年12月：XX大学 三好学生标兵 2022年6月：全国计算机二级证书（Python语言） 2021年12月：XX大学 优秀学生奖学金 六、自我评价 具备扎实的计算机专业基础，熟练掌握前后端开发技术和国产化系统适配相关知识，参与过软件杯竞赛项目和企业实习，具备较强的项目开发能力和问题排查能力。工作认真负责，善于沟通协作，学习能力强，能快速适应新的技术和工作环境，对软件开发有浓厚的兴趣，致力于成为一名优秀的软件工程师，为企业发展贡献力量。', '{"name": "张三", "phone": "13800138000", "email": "zhangsan@test.com", "education": "本科", "experience_years": "未提供", "skills": ["Python", "Java", "JavaScript", "Vue3", "Element Plus", "Vite", "Axios", "FastAPI", "SpringBoot", "MySQL", "达梦数据库", "Git", "Docker", "银河麒麟"], "work_experience": [{"company": "XX科技有限公司", "position": "前端开发实习生", "duration": "2024年1月 - 2024年4月", "description": "协助开发公司内部管理系统前端页面，使用Vue3+Element Plus实现表单提交、数据展示等功能；参与前端代码优化，修复页面兼容性问题，提升页面加载速度和用户体验；配合测试人员完成功能测试，修改前端bug，确保系统稳定运行"}], "education_history": [{"school": "XX大学", "degree": "本科", "major": "计算机科学与技术", "duration": "2020年9月 - 2024年6月"}], "self_evaluation": "具备扎实的计算机专业基础，熟练掌握前后端开发技术和国产化系统适配相关知识，参与过软件杯竞赛项目和企业实习，具备较强的项目开发能力和问题排查能力。工作认真负责，善于沟通协作，学习能力强，能快速适应新的技术和工作环境，对软件开发有浓厚的兴趣，致力于成为一名优秀的软件工程师，为企业发展贡献力量。", "highlights": ["参与软件杯竞赛并获得校级二等奖", "掌握Vue3、FastAPI等技术栈", "熟悉国产化系统适配", "具备良好的代码规范和问题排查能力"]}', '["Python", "Java", "JavaScript", "Vue3", "Element Plus", "Vite", "Axios", "FastAPI", "SpringBoot", "MySQL", "达梦数据库", "Git", "Docker", "银河麒麟"]', '未提供', '本科', '张三', '13800138000', 'zhangsan@test.com', 'completed', 0, '2026-04-20 14:34:07.788169', '2026-04-20 14:34:07.788169');
INSERT INTO ai_resume_parse (id, resume_id, user_id, raw_text, parsed_result, skills, experience, education, name, phone, email, parse_status, is_manual_modified, created_at, updated_at) VALUES (17, NULL, '088e8a07-e365-4955-99f2-894c77fcd5d4', '求职简历（测试用） 姓名：张三 性别：男 年龄：22岁 联系电话：13800138000 电子邮箱：zhangsan@test.com 求职意向：软件工程师（后端/前端） 期望薪资：8000-10000元/月 期望城市：北京、上海、广州 一、教育背景 学校名称：XX大学 专业：计算机科学与技术（本科） 就读时间：2020年9月 - 2024年6月 学业成绩：GPA 3.7/4.0（专业前15%） 核心课程：计算机组成原理、数据结构、Java编程、Python开发、Web前端技术、数据库原理、操作系统 二、专业技能 编程语言：熟练掌握Python、Java、JavaScript，了解C++，能独立完成项目开发 前端技术：掌握Vue3、Element Plus、Vite、Axios，能开发响应式页面，熟悉前端工程化 后端技术：熟悉FastAPI、SpringBoot框架，掌握RESTful接口开发，了解微服务思想 数据库：熟练使用MySQL、达梦数据库（DM8），能编写复杂SQL语句，了解数据库优化 其他技能：掌握Git版本控制、Docker容器基础，了解国产化系统（银河麒麟）适配，具备良好的代码规范和问题排查能力 三、项目经历 项目名称：基于AI的人才职位智能匹配系统 项目时间：2023年9月 - 2024年3月 担任角色：前端开发工程师 项目描述：该项目为软件杯竞赛项目，基于Vue3+FastAPI+达梦数据库开发，适配LoongArch 3A5000+银河麒麟国产化系统，实现求职者简历上传、企业岗位发布、AI智能匹配、能力图谱可视化等功能，解决人才与岗位精准匹配的痛点。 负责内容： 负责前端页面开发，包括登录页、简历上传页、岗位匹配页、能力图谱页，使用Element Plus组件库实现页面美化和交互 封装前端API请求，配置跨域代理，实现前后端数据交互，确保简历上传、匹配结果展示等功能正常运行 参与项目国产化适配，优化页面兼容性，确保系统在银河麒麟系统上正常显示和使用 配合后端开发人员完成接口联调，排查并解决前端语法错误、数据渲染异常等问题 项目成果：项目成功完成并参与软件杯竞赛，获得校级二等奖，实现简历解析准确率90%以上，岗位匹配响应时间≤1秒，支持单账号多角色（求职者/企业）切换使用。 四、实习经历 公司名称：XX科技有限公司 实习岗位：前端开发实习生 实习时间：2024年1月 - 2024年4月 实习内容： 协助开发公司内部管理系统前端页面，使用Vue3+Element Plus实现表单提交、数据展示等功能 参与前端代码优化，修复页面兼容性问题，提升页面加载速度和用户体验 配合测试人员完成功能测试，修改前端bug，确保系统稳定运行 五、荣誉奖项 2023年11月：软件杯全国大学生软件设计大赛 校级二等奖 2022年12月：XX大学 三好学生标兵 2022年6月：全国计算机二级证书（Python语言） 2021年12月：XX大学 优秀学生奖学金 六、自我评价 具备扎实的计算机专业基础，熟练掌握前后端开发技术和国产化系统适配相关知识，参与过软件杯竞赛项目和企业实习，具备较强的项目开发能力和问题排查能力。工作认真负责，善于沟通协作，学习能力强，能快速适应新的技术和工作环境，对软件开发有浓厚的兴趣，致力于成为一名优秀的软件工程师，为企业发展贡献力量。', '{"name": "张三", "phone": "13800138000", "email": "zhangsan@test.com", "education": "本科", "experience_years": "未提供", "skills": ["Python", "Java", "JavaScript", "Vue3", "Element Plus", "Vite", "Axios", "FastAPI", "SpringBoot", "MySQL", "达梦数据库", "Git", "Docker", "银河麒麟"], "work_experience": [{"company": "XX科技有限公司", "position": "前端开发实习生", "duration": "2024年1月 - 2024年4月", "description": "协助开发公司内部管理系统前端页面，使用Vue3+Element Plus实现表单提交、数据展示等功能；参与前端代码优化，修复页面兼容性问题，提升页面加载速度和用户体验；配合测试人员完成功能测试，修改前端bug，确保系统稳定运行"}], "education_history": [{"school": "XX大学", "degree": "本科", "major": "计算机科学与技术", "duration": "2020年9月 - 2024年6月"}], "self_evaluation": "具备扎实的计算机专业基础，熟练掌握前后端开发技术和国产化系统适配相关知识，参与过软件杯竞赛项目和企业实习，具备较强的项目开发能力和问题排查能力。工作认真负责，善于沟通协作，学习能力强，能快速适应新的技术和工作环境，对软件开发有浓厚的兴趣，致力于成为一名优秀的软件工程师，为企业发展贡献力量。", "highlights": ["参与软件杯竞赛项目并获得校级二等奖", "熟悉国产化系统（银河麒麟）适配", "熟练掌握前后端开发技术栈", "具备良好的代码规范和问题排查能力"]}', '["Python", "Java", "JavaScript", "Vue3", "Element Plus", "Vite", "Axios", "FastAPI", "SpringBoot", "MySQL", "达梦数据库", "Git", "Docker", "银河麒麟"]', '未提供', '本科', '张三', '13800138000', 'zhangsan@test.com', 'completed', 0, '2026-04-20 14:40:07.723692', '2026-04-20 14:40:07.723692');
INSERT INTO ai_resume_parse (id, resume_id, user_id, raw_text, parsed_result, skills, experience, education, name, phone, email, parse_status, is_manual_modified, created_at, updated_at) VALUES (18, NULL, '088e8a07-e365-4955-99f2-894c77fcd5d4', '求职简历（测试用） 姓名：张三 性别：男 年龄：22岁 联系电话：13800138000 电子邮箱：zhangsan@test.com 求职意向：软件工程师（后端/前端） 期望薪资：8000-10000元/月 期望城市：北京、上海、广州 一、教育背景 学校名称：XX大学 专业：计算机科学与技术（本科） 就读时间：2020年9月 - 2024年6月 学业成绩：GPA 3.7/4.0（专业前15%） 核心课程：计算机组成原理、数据结构、Java编程、Python开发、Web前端技术、数据库原理、操作系统 二、专业技能 编程语言：熟练掌握Python、Java、JavaScript，了解C++，能独立完成项目开发 前端技术：掌握Vue3、Element Plus、Vite、Axios，能开发响应式页面，熟悉前端工程化 后端技术：熟悉FastAPI、SpringBoot框架，掌握RESTful接口开发，了解微服务思想 数据库：熟练使用MySQL、达梦数据库（DM8），能编写复杂SQL语句，了解数据库优化 其他技能：掌握Git版本控制、Docker容器基础，了解国产化系统（银河麒麟）适配，具备良好的代码规范和问题排查能力 三、项目经历 项目名称：基于AI的人才职位智能匹配系统 项目时间：2023年9月 - 2024年3月 担任角色：前端开发工程师 项目描述：该项目为软件杯竞赛项目，基于Vue3+FastAPI+达梦数据库开发，适配LoongArch 3A5000+银河麒麟国产化系统，实现求职者简历上传、企业岗位发布、AI智能匹配、能力图谱可视化等功能，解决人才与岗位精准匹配的痛点。 负责内容： 负责前端页面开发，包括登录页、简历上传页、岗位匹配页、能力图谱页，使用Element Plus组件库实现页面美化和交互 封装前端API请求，配置跨域代理，实现前后端数据交互，确保简历上传、匹配结果展示等功能正常运行 参与项目国产化适配，优化页面兼容性，确保系统在银河麒麟系统上正常显示和使用 配合后端开发人员完成接口联调，排查并解决前端语法错误、数据渲染异常等问题 项目成果：项目成功完成并参与软件杯竞赛，获得校级二等奖，实现简历解析准确率90%以上，岗位匹配响应时间≤1秒，支持单账号多角色（求职者/企业）切换使用。 四、实习经历 公司名称：XX科技有限公司 实习岗位：前端开发实习生 实习时间：2024年1月 - 2024年4月 实习内容： 协助开发公司内部管理系统前端页面，使用Vue3+Element Plus实现表单提交、数据展示等功能 参与前端代码优化，修复页面兼容性问题，提升页面加载速度和用户体验 配合测试人员完成功能测试，修改前端bug，确保系统稳定运行 五、荣誉奖项 2023年11月：软件杯全国大学生软件设计大赛 校级二等奖 2022年12月：XX大学 三好学生标兵 2022年6月：全国计算机二级证书（Python语言） 2021年12月：XX大学 优秀学生奖学金 六、自我评价 具备扎实的计算机专业基础，熟练掌握前后端开发技术和国产化系统适配相关知识，参与过软件杯竞赛项目和企业实习，具备较强的项目开发能力和问题排查能力。工作认真负责，善于沟通协作，学习能力强，能快速适应新的技术和工作环境，对软件开发有浓厚的兴趣，致力于成为一名优秀的软件工程师，为企业发展贡献力量。', '{"name": "张三", "phone": "13800138000", "email": "zhangsan@test.com", "education": "本科", "experience_years": "未提供", "skills": ["Python", "Java", "JavaScript", "Vue3", "Element Plus", "Vite", "Axios", "FastAPI", "SpringBoot", "MySQL", "达梦数据库", "Git", "Docker", "银河麒麟"], "work_experience": [{"company": "XX科技有限公司", "position": "前端开发实习生", "duration": "2024年1月 - 2024年4月", "description": "协助开发公司内部管理系统前端页面，使用Vue3+Element Plus实现表单提交、数据展示等功能；参与前端代码优化，修复页面兼容性问题，提升页面加载速度和用户体验；配合测试人员完成功能测试，修改前端bug，确保系统稳定运行"}], "education_history": [{"school": "XX大学", "degree": "本科", "major": "计算机科学与技术", "duration": "2020年9月 - 2024年6月"}], "self_evaluation": "具备扎实的计算机专业基础，熟练掌握前后端开发技术和国产化系统适配相关知识，参与过软件杯竞赛项目和企业实习，具备较强的项目开发能力和问题排查能力。工作认真负责，善于沟通协作，学习能力强，能快速适应新的技术和工作环境，对软件开发有浓厚的兴趣，致力于成为一名优秀的软件工程师，为企业发展贡献力量。", "highlights": ["参与软件杯竞赛项目并获得校级二等奖", "熟悉前后端开发及国产化系统适配", "具备良好的代码规范和问题排查能力"]}', '["Python", "Java", "JavaScript", "Vue3", "Element Plus", "Vite", "Axios", "FastAPI", "SpringBoot", "MySQL", "达梦数据库", "Git", "Docker", "银河麒麟"]', '未提供', '本科', '张三', '13800138000', 'zhangsan@test.com', 'completed', 0, '2026-04-20 14:46:59.891410', '2026-04-20 14:46:59.891410');
INSERT INTO ai_resume_parse (id, resume_id, user_id, raw_text, parsed_result, skills, experience, education, name, phone, email, parse_status, is_manual_modified, created_at, updated_at) VALUES (19, NULL, '088e8a07-e365-4955-99f2-894c77fcd5d4', '求职简历（测试用） 姓名：张三 性别：男 年龄：22岁 联系电话：13800138000 电子邮箱：zhangsan@test.com 求职意向：软件工程师（后端/前端） 期望薪资：8000-10000元/月 期望城市：北京、上海、广州 一、教育背景 学校名称：XX大学 专业：计算机科学与技术（本科） 就读时间：2020年9月 - 2024年6月 学业成绩：GPA 3.7/4.0（专业前15%） 核心课程：计算机组成原理、数据结构、Java编程、Python开发、Web前端技术、数据库原理、操作系统 二、专业技能 编程语言：熟练掌握Python、Java、JavaScript，了解C++，能独立完成项目开发 前端技术：掌握Vue3、Element Plus、Vite、Axios，能开发响应式页面，熟悉前端工程化 后端技术：熟悉FastAPI、SpringBoot框架，掌握RESTful接口开发，了解微服务思想 数据库：熟练使用MySQL、达梦数据库（DM8），能编写复杂SQL语句，了解数据库优化 其他技能：掌握Git版本控制、Docker容器基础，了解国产化系统（银河麒麟）适配，具备良好的代码规范和问题排查能力 三、项目经历 项目名称：基于AI的人才职位智能匹配系统 项目时间：2023年9月 - 2024年3月 担任角色：前端开发工程师 项目描述：该项目为软件杯竞赛项目，基于Vue3+FastAPI+达梦数据库开发，适配LoongArch 3A5000+银河麒麟国产化系统，实现求职者简历上传、企业岗位发布、AI智能匹配、能力图谱可视化等功能，解决人才与岗位精准匹配的痛点。 负责内容： 负责前端页面开发，包括登录页、简历上传页、岗位匹配页、能力图谱页，使用Element Plus组件库实现页面美化和交互 封装前端API请求，配置跨域代理，实现前后端数据交互，确保简历上传、匹配结果展示等功能正常运行 参与项目国产化适配，优化页面兼容性，确保系统在银河麒麟系统上正常显示和使用 配合后端开发人员完成接口联调，排查并解决前端语法错误、数据渲染异常等问题 项目成果：项目成功完成并参与软件杯竞赛，获得校级二等奖，实现简历解析准确率90%以上，岗位匹配响应时间≤1秒，支持单账号多角色（求职者/企业）切换使用。 四、实习经历 公司名称：XX科技有限公司 实习岗位：前端开发实习生 实习时间：2024年1月 - 2024年4月 实习内容： 协助开发公司内部管理系统前端页面，使用Vue3+Element Plus实现表单提交、数据展示等功能 参与前端代码优化，修复页面兼容性问题，提升页面加载速度和用户体验 配合测试人员完成功能测试，修改前端bug，确保系统稳定运行 五、荣誉奖项 2023年11月：软件杯全国大学生软件设计大赛 校级二等奖 2022年12月：XX大学 三好学生标兵 2022年6月：全国计算机二级证书（Python语言） 2021年12月：XX大学 优秀学生奖学金 六、自我评价 具备扎实的计算机专业基础，熟练掌握前后端开发技术和国产化系统适配相关知识，参与过软件杯竞赛项目和企业实习，具备较强的项目开发能力和问题排查能力。工作认真负责，善于沟通协作，学习能力强，能快速适应新的技术和工作环境，对软件开发有浓厚的兴趣，致力于成为一名优秀的软件工程师，为企业发展贡献力量。', '{"name": "张三", "phone": "13800138000", "email": "zhangsan@test.com", "education": "本科", "experience_years": "未提供", "skills": ["Python", "Java", "JavaScript", "Vue3", "Element Plus", "Vite", "Axios", "FastAPI", "SpringBoot", "MySQL", "达梦数据库", "Git", "Docker", "银河麒麟"], "work_experience": [{"company": "XX科技有限公司", "position": "前端开发实习生", "duration": "2024年1月 - 2024年4月", "description": "协助开发公司内部管理系统前端页面，使用Vue3+Element Plus实现表单提交、数据展示等功能；参与前端代码优化，修复页面兼容性问题，提升页面加载速度和用户体验；配合测试人员完成功能测试，修改前端bug，确保系统稳定运行"}], "education_history": [{"school": "XX大学", "degree": "本科", "major": "计算机科学与技术", "duration": "2020年9月 - 2024年6月"}], "self_evaluation": "具备扎实的计算机专业基础，熟练掌握前后端开发技术和国产化系统适配相关知识，参与过软件杯竞赛项目和企业实习，具备较强的项目开发能力和问题排查能力。工作认真负责，善于沟通协作，学习能力强，能快速适应新的技术和工作环境，对软件开发有浓厚的兴趣，致力于成为一名优秀的软件工程师，为企业发展贡献力量。", "highlights": ["参与软件杯竞赛项目并获得校级二等奖", "熟悉国产化系统（银河麒麟）适配", "熟练掌握前后端开发技术栈", "具备良好的代码规范和问题排查能力"]}', '["Python", "Java", "JavaScript", "Vue3", "Element Plus", "Vite", "Axios", "FastAPI", "SpringBoot", "MySQL", "达梦数据库", "Git", "Docker", "银河麒麟"]', '未提供', '本科', '张三', '13800138000', 'zhangsan@test.com', 'completed', 0, '2026-04-21 17:28:32.035035', '2026-04-21 17:28:32.035035');
INSERT INTO ai_resume_parse (id, resume_id, user_id, raw_text, parsed_result, skills, experience, education, name, phone, email, parse_status, is_manual_modified, created_at, updated_at) VALUES (20, NULL, '088e8a07-e365-4955-99f2-894c77fcd5d4', '求职简历（测试用） 姓名：张三 性别：男 年龄：22岁 联系电话：13800138000 电子邮箱：zhangsan@test.com 求职意向：软件工程师（后端/前端） 期望薪资：8000-10000元/月 期望城市：北京、上海、广州 一、教育背景 学校名称：XX大学 专业：计算机科学与技术（本科） 就读时间：2020年9月 - 2024年6月 学业成绩：GPA 3.7/4.0（专业前15%） 核心课程：计算机组成原理、数据结构、Java编程、Python开发、Web前端技术、数据库原理、操作系统 二、专业技能 编程语言：熟练掌握Python、Java、JavaScript，了解C++，能独立完成项目开发 前端技术：掌握Vue3、Element Plus、Vite、Axios，能开发响应式页面，熟悉前端工程化 后端技术：熟悉FastAPI、SpringBoot框架，掌握RESTful接口开发，了解微服务思想 数据库：熟练使用MySQL、达梦数据库（DM8），能编写复杂SQL语句，了解数据库优化 其他技能：掌握Git版本控制、Docker容器基础，了解国产化系统（银河麒麟）适配，具备良好的代码规范和问题排查能力 三、项目经历 项目名称：基于AI的人才职位智能匹配系统 项目时间：2023年9月 - 2024年3月 担任角色：前端开发工程师 项目描述：该项目为软件杯竞赛项目，基于Vue3+FastAPI+达梦数据库开发，适配LoongArch 3A5000+银河麒麟国产化系统，实现求职者简历上传、企业岗位发布、AI智能匹配、能力图谱可视化等功能，解决人才与岗位精准匹配的痛点。 负责内容： 负责前端页面开发，包括登录页、简历上传页、岗位匹配页、能力图谱页，使用Element Plus组件库实现页面美化和交互 封装前端API请求，配置跨域代理，实现前后端数据交互，确保简历上传、匹配结果展示等功能正常运行 参与项目国产化适配，优化页面兼容性，确保系统在银河麒麟系统上正常显示和使用 配合后端开发人员完成接口联调，排查并解决前端语法错误、数据渲染异常等问题 项目成果：项目成功完成并参与软件杯竞赛，获得校级二等奖，实现简历解析准确率90%以上，岗位匹配响应时间≤1秒，支持单账号多角色（求职者/企业）切换使用。 四、实习经历 公司名称：XX科技有限公司 实习岗位：前端开发实习生 实习时间：2024年1月 - 2024年4月 实习内容： 协助开发公司内部管理系统前端页面，使用Vue3+Element Plus实现表单提交、数据展示等功能 参与前端代码优化，修复页面兼容性问题，提升页面加载速度和用户体验 配合测试人员完成功能测试，修改前端bug，确保系统稳定运行 五、荣誉奖项 2023年11月：软件杯全国大学生软件设计大赛 校级二等奖 2022年12月：XX大学 三好学生标兵 2022年6月：全国计算机二级证书（Python语言） 2021年12月：XX大学 优秀学生奖学金 六、自我评价 具备扎实的计算机专业基础，熟练掌握前后端开发技术和国产化系统适配相关知识，参与过软件杯竞赛项目和企业实习，具备较强的项目开发能力和问题排查能力。工作认真负责，善于沟通协作，学习能力强，能快速适应新的技术和工作环境，对软件开发有浓厚的兴趣，致力于成为一名优秀的软件工程师，为企业发展贡献力量。', '{"name": "张三", "phone": "13800138000", "email": "zhangsan@test.com", "education": "本科", "experience_years": "未提供", "skills": ["Python", "Java", "JavaScript", "Vue3", "Element Plus", "Vite", "Axios", "FastAPI", "SpringBoot", "MySQL", "达梦数据库", "Git", "Docker", "银河麒麟"], "work_experience": [{"company": "XX科技有限公司", "position": "前端开发实习生", "duration": "2024年1月 - 2024年4月", "description": "协助开发公司内部管理系统前端页面，使用Vue3+Element Plus实现表单提交、数据展示等功能；参与前端代码优化，修复页面兼容性问题，提升页面加载速度和用户体验；配合测试人员完成功能测试，修改前端bug，确保系统稳定运行"}], "education_history": [{"school": "XX大学", "degree": "本科", "major": "计算机科学与技术", "duration": "2020年9月 - 2024年6月"}], "self_evaluation": "具备扎实的计算机专业基础，熟练掌握前后端开发技术和国产化系统适配相关知识，参与过软件杯竞赛项目和企业实习，具备较强的项目开发能力和问题排查能力。工作认真负责，善于沟通协作，学习能力强，能快速适应新的技术和工作环境，对软件开发有浓厚的兴趣，致力于成为一名优秀的软件工程师，为企业发展贡献力量。", "highlights": ["参与软件杯竞赛项目并获得校级二等奖", "熟悉前后端开发及国产化系统适配", "具备良好的代码规范和问题排查能力"]}', '["Python", "Java", "JavaScript", "Vue3", "Element Plus", "Vite", "Axios", "FastAPI", "SpringBoot", "MySQL", "达梦数据库", "Git", "Docker", "银河麒麟"]', '未提供', '本科', '张三', '13800138000', 'zhangsan@test.com', 'completed', 0, '2026-04-22 15:12:08.180567', '2026-04-22 15:12:08.180567');
INSERT INTO ai_resume_parse (id, resume_id, user_id, raw_text, parsed_result, skills, experience, education, name, phone, email, parse_status, is_manual_modified, created_at, updated_at) VALUES (21, NULL, '088e8a07-e365-4955-99f2-894c77fcd5d4', '求职简历（测试用） 姓名：张三 性别：男 年龄：22岁 联系电话：13800138000 电子邮箱：zhangsan@test.com 求职意向：软件工程师（后端/前端） 期望薪资：8000-10000元/月 期望城市：北京、上海、广州 一、教育背景 学校名称：XX大学 专业：计算机科学与技术（本科） 就读时间：2020年9月 - 2024年6月 学业成绩：GPA 3.7/4.0（专业前15%） 核心课程：计算机组成原理、数据结构、Java编程、Python开发、Web前端技术、数据库原理、操作系统 二、专业技能 编程语言：熟练掌握Python、Java、JavaScript，了解C++，能独立完成项目开发 前端技术：掌握Vue3、Element Plus、Vite、Axios，能开发响应式页面，熟悉前端工程化 后端技术：熟悉FastAPI、SpringBoot框架，掌握RESTful接口开发，了解微服务思想 数据库：熟练使用MySQL、达梦数据库（DM8），能编写复杂SQL语句，了解数据库优化 其他技能：掌握Git版本控制、Docker容器基础，了解国产化系统（银河麒麟）适配，具备良好的代码规范和问题排查能力 三、项目经历 项目名称：基于AI的人才职位智能匹配系统 项目时间：2023年9月 - 2024年3月 担任角色：前端开发工程师 项目描述：该项目为软件杯竞赛项目，基于Vue3+FastAPI+达梦数据库开发，适配LoongArch 3A5000+银河麒麟国产化系统，实现求职者简历上传、企业岗位发布、AI智能匹配、能力图谱可视化等功能，解决人才与岗位精准匹配的痛点。 负责内容： 负责前端页面开发，包括登录页、简历上传页、岗位匹配页、能力图谱页，使用Element Plus组件库实现页面美化和交互 封装前端API请求，配置跨域代理，实现前后端数据交互，确保简历上传、匹配结果展示等功能正常运行 参与项目国产化适配，优化页面兼容性，确保系统在银河麒麟系统上正常显示和使用 配合后端开发人员完成接口联调，排查并解决前端语法错误、数据渲染异常等问题 项目成果：项目成功完成并参与软件杯竞赛，获得校级二等奖，实现简历解析准确率90%以上，岗位匹配响应时间≤1秒，支持单账号多角色（求职者/企业）切换使用。 四、实习经历 公司名称：XX科技有限公司 实习岗位：前端开发实习生 实习时间：2024年1月 - 2024年4月 实习内容： 协助开发公司内部管理系统前端页面，使用Vue3+Element Plus实现表单提交、数据展示等功能 参与前端代码优化，修复页面兼容性问题，提升页面加载速度和用户体验 配合测试人员完成功能测试，修改前端bug，确保系统稳定运行 五、荣誉奖项 2023年11月：软件杯全国大学生软件设计大赛 校级二等奖 2022年12月：XX大学 三好学生标兵 2022年6月：全国计算机二级证书（Python语言） 2021年12月：XX大学 优秀学生奖学金 六、自我评价 具备扎实的计算机专业基础，熟练掌握前后端开发技术和国产化系统适配相关知识，参与过软件杯竞赛项目和企业实习，具备较强的项目开发能力和问题排查能力。工作认真负责，善于沟通协作，学习能力强，能快速适应新的技术和工作环境，对软件开发有浓厚的兴趣，致力于成为一名优秀的软件工程师，为企业发展贡献力量。', '{"name": "张三", "phone": "13800138000", "email": "zhangsan@test.com", "education": "本科", "experience_years": "未提供", "skills": ["Python", "Java", "JavaScript", "Vue3", "Element Plus", "Vite", "Axios", "FastAPI", "SpringBoot", "MySQL", "达梦数据库", "Git", "Docker", "银河麒麟"], "work_experience": [{"company": "XX科技有限公司", "position": "前端开发实习生", "duration": "2024年1月 - 2024年4月", "description": "协助开发公司内部管理系统前端页面，使用Vue3+Element Plus实现表单提交、数据展示等功能；参与前端代码优化，修复页面兼容性问题，提升页面加载速度和用户体验；配合测试人员完成功能测试，修改前端bug，确保系统稳定运行"}], "education_history": [{"school": "XX大学", "degree": "本科", "major": "计算机科学与技术", "duration": "2020年9月 - 2024年6月"}], "self_evaluation": "具备扎实的计算机专业基础，熟练掌握前后端开发技术和国产化系统适配相关知识，参与过软件杯竞赛项目和企业实习，具备较强的项目开发能力和问题排查能力。工作认真负责，善于沟通协作，学习能力强，能快速适应新的技术和工作环境，对软件开发有浓厚的兴趣，致力于成为一名优秀的软件工程师，为企业发展贡献力量。", "highlights": ["参与软件杯竞赛并获得校级二等奖", "掌握Vue3、FastAPI等技术栈", "熟悉国产化系统适配", "具备良好的代码规范和问题排查能力"]}', '["Python", "Java", "JavaScript", "Vue3", "Element Plus", "Vite", "Axios", "FastAPI", "SpringBoot", "MySQL", "达梦数据库", "Git", "Docker", "银河麒麟"]', '未提供', '本科', '张三', '13800138000', 'zhangsan@test.com', 'completed', 0, '2026-04-22 21:49:36.411821', '2026-04-22 21:49:36.411821');
SET IDENTITY_INSERT ai_resume_parse OFF;
SET IDENTITY_INSERT ai_job_parse ON;
INSERT INTO ai_job_parse (id, job_id, user_id, raw_text, parsed_result, required_skills, job_requirements, salary_range, job_title, parse_status, is_manual_modified, created_at, updated_at) VALUES (1, NULL, '088e8a07-e365-4955-99f2-894c77fcd5d4', '高级 Python 后端工程师 岗位说明书 一、基本信息 岗位名称：高级 Python 后端工程师 薪资范围：20K-30K・14 薪 工作地点：江苏省南京市建邺区 工作时间：朝九晚六周末双休，法定节假日正常休息 所属部门：技术研发部 岗位类型：全职 招聘人数：2 人 二、岗位描述 岗位职责 负责公司人才匹配系统后端架构设计与开发，基于 FastAPI 搭建高性能、高可用的 RESTful API； 参与系统核心模块（AI 解析、匹配算法、能力图谱）的开发与优化，解决高并发、大数据量场景下的性能问题； 与前端、算法团队协作，完成业务需求的全流程落地，保障产品迭代效率； 负责后端服务的部署、监控与维护，处理线上问题，保障系统稳定运行； 参与技术方案评审、代码 Review，推动团队技术规范落地。 岗位需求 熟练掌握 Python 语言，有扎实的语法基础，熟悉 FastAPI 框架开发； 熟悉 MySQL 数据库，能独立完成 SQL 编写、索引优化与性能调优； 了解 NLP 或大模型应用开发，有简历解析、文本匹配相关项目经验优先； 熟悉 Linux 开发环境，掌握 Git 版本控制工具； 有良好的问题排查能力、沟通能力和团队协作意识。 三、任职要求 学历要求：本科及以上学历，计算机相关专业优先 工作经验：3-5 年后端开发经验，有互联网或人力资源系统开发经验优先 技能要求（AI 提取）： Python / FastAPI MySQL / SQLAlchemy RESTful API 设计 大模型应用开发（如 Qwen、LLM 调用） Linux 环境开发 Git 版本控制 四、其他信息 福利待遇：五险一金、带薪年假、年度体检、节日福利、弹性工作制、定期技术分享会 工作氛围：扁平化管理，技术氛围浓厚，支持个人技术成长与创新实践 发展空间：可参与核心项目架构设计，有机会接触前沿 AI 技术与国产化适配方案', '{"job_title": "高级 Python 后端工程师", "salary_range": "20K-30K・14 薪", "location": "江苏省南京市建邺区", "job_type": "全职", "required_skills": ["Python", "FastAPI", "MySQL", "SQLAlchemy", "RESTful API", "大模型应用开发", "Linux", "Git"], "required_education": "本科及以上学历，计算机相关专业优先", "required_experience": "3-5 年后端开发经验，有互联网或人力资源系统开发经验优先", "job_responsibilities": ["负责公司人才匹配系统后端架构设计与开发，基于 FastAPI 搭建高性能、高可用的 RESTful API", "参与系统核心模块（AI 解析、匹配算法、能力图谱）的开发与优化，解决高并发、大数据量场景下的性能问题", "与前端、算法团队协作，完成业务需求的全流程落地，保障产品迭代效率"], "job_requirements": ["熟练掌握 Python 语言，有扎实的语法基础，熟悉 FastAPI 框架开发", "熟悉 MySQL 数据库，能独立完成 SQL 编写、索引优化与性能调优", "了解 NLP 或大模型应用开发，有简历解析、文本匹配相关项目经验优先"], "benefits": ["五险一金", "带薪年假", "年度体检", "节日福利", "弹性工作制", "定期技术分享会"], "company_intro": "未提供", "highlights": ["扁平化管理，技术氛围浓厚，支持个人技术成长与创新实践", "可参与核心项目架构设计，有机会接触前沿 AI 技术与国产化适配方案"]}', '["Python", "FastAPI", "MySQL", "SQLAlchemy", "RESTful API", "大模型应用开发", "Linux", "Git"]', '熟练掌握 Python 语言，有扎实的语法基础，熟悉 FastAPI 框架开发
熟悉 MySQL 数据库，能独立完成 SQL 编写、索引优化与性能调优
了解 NLP 或大模型应用开发，有简历解析、文本匹配相关项目经验优先', '20K-30K・14 薪', '高级 Python 后端工程师', 'completed', 0, '2026-04-19 15:06:20.312848', '2026-04-19 15:06:20.312848');
INSERT INTO ai_job_parse (id, job_id, user_id, raw_text, parsed_result, required_skills, job_requirements, salary_range, job_title, parse_status, is_manual_modified, created_at, updated_at) VALUES (2, NULL, '088e8a07-e365-4955-99f2-894c77fcd5d4', '高级 Python 后端工程师 岗位说明书 一、基本信息 岗位名称：高级 Python 后端工程师 薪资范围：20K-30K・14 薪 工作地点：江苏省南京市建邺区 工作时间：朝九晚六周末双休，法定节假日正常休息 所属部门：技术研发部 岗位类型：全职 招聘人数：2 人 二、岗位描述 岗位职责 负责公司人才匹配系统后端架构设计与开发，基于 FastAPI 搭建高性能、高可用的 RESTful API； 参与系统核心模块（AI 解析、匹配算法、能力图谱）的开发与优化，解决高并发、大数据量场景下的性能问题； 与前端、算法团队协作，完成业务需求的全流程落地，保障产品迭代效率； 负责后端服务的部署、监控与维护，处理线上问题，保障系统稳定运行； 参与技术方案评审、代码 Review，推动团队技术规范落地。 岗位需求 熟练掌握 Python 语言，有扎实的语法基础，熟悉 FastAPI 框架开发； 熟悉 MySQL 数据库，能独立完成 SQL 编写、索引优化与性能调优； 了解 NLP 或大模型应用开发，有简历解析、文本匹配相关项目经验优先； 熟悉 Linux 开发环境，掌握 Git 版本控制工具； 有良好的问题排查能力、沟通能力和团队协作意识。 三、任职要求 学历要求：本科及以上学历，计算机相关专业优先 工作经验：3-5 年后端开发经验，有互联网或人力资源系统开发经验优先 技能要求（AI 提取）： Python / FastAPI MySQL / SQLAlchemy RESTful API 设计 大模型应用开发（如 Qwen、LLM 调用） Linux 环境开发 Git 版本控制 四、其他信息 福利待遇：五险一金、带薪年假、年度体检、节日福利、弹性工作制、定期技术分享会 工作氛围：扁平化管理，技术氛围浓厚，支持个人技术成长与创新实践 发展空间：可参与核心项目架构设计，有机会接触前沿 AI 技术与国产化适配方案', '{"job_title": "高级 Python 后端工程师", "salary_range": "20K-30K・14 薪", "location": "江苏省南京市建邺区", "job_type": "全职", "required_skills": ["Python", "FastAPI", "MySQL", "SQLAlchemy", "RESTful API", "大模型应用开发", "Linux", "Git"], "required_education": "本科及以上学历，计算机相关专业优先", "required_experience": "3-5 年后端开发经验，有互联网或人力资源系统开发经验优先", "job_responsibilities": ["负责公司人才匹配系统后端架构设计与开发，基于 FastAPI 搭建高性能、高可用的 RESTful API", "参与系统核心模块（AI 解析、匹配算法、能力图谱）的开发与优化，解决高并发、大数据量场景下的性能问题", "与前端、算法团队协作，完成业务需求的全流程落地，保障产品迭代效率"], "job_requirements": ["熟练掌握 Python 语言，有扎实的语法基础，熟悉 FastAPI 框架开发", "熟悉 MySQL 数据库，能独立完成 SQL 编写、索引优化与性能调优", "了解 NLP 或大模型应用开发，有简历解析、文本匹配相关项目经验优先"], "benefits": ["五险一金", "带薪年假", "年度体检"], "company_intro": "未提供", "highlights": ["扁平化管理，技术氛围浓厚，支持个人技术成长与创新实践", "可参与核心项目架构设计，有机会接触前沿 AI 技术与国产化适配方案"]}', '["Python", "FastAPI", "MySQL", "SQLAlchemy", "RESTful API", "大模型应用开发", "Linux", "Git"]', '熟练掌握 Python 语言，有扎实的语法基础，熟悉 FastAPI 框架开发
熟悉 MySQL 数据库，能独立完成 SQL 编写、索引优化与性能调优
了解 NLP 或大模型应用开发，有简历解析、文本匹配相关项目经验优先', '20K-30K・14 薪', '高级 Python 后端工程师', 'completed', 0, '2026-04-19 15:06:38.658146', '2026-04-19 15:06:38.658146');
INSERT INTO ai_job_parse (id, job_id, user_id, raw_text, parsed_result, required_skills, job_requirements, salary_range, job_title, parse_status, is_manual_modified, created_at, updated_at) VALUES (3, NULL, '088e8a07-e365-4955-99f2-894c77fcd5d4', '高级 Python 后端工程师 岗位说明书 一、基本信息 岗位名称：高级 Python 后端工程师 薪资范围：20K-30K・14 薪 工作地点：江苏省南京市建邺区 工作时间：朝九晚六周末双休，法定节假日正常休息 所属部门：技术研发部 岗位类型：全职 招聘人数：2 人 二、岗位描述 岗位职责 负责公司人才匹配系统后端架构设计与开发，基于 FastAPI 搭建高性能、高可用的 RESTful API； 参与系统核心模块（AI 解析、匹配算法、能力图谱）的开发与优化，解决高并发、大数据量场景下的性能问题； 与前端、算法团队协作，完成业务需求的全流程落地，保障产品迭代效率； 负责后端服务的部署、监控与维护，处理线上问题，保障系统稳定运行； 参与技术方案评审、代码 Review，推动团队技术规范落地。 岗位需求 熟练掌握 Python 语言，有扎实的语法基础，熟悉 FastAPI 框架开发； 熟悉 MySQL 数据库，能独立完成 SQL 编写、索引优化与性能调优； 了解 NLP 或大模型应用开发，有简历解析、文本匹配相关项目经验优先； 熟悉 Linux 开发环境，掌握 Git 版本控制工具； 有良好的问题排查能力、沟通能力和团队协作意识。 三、任职要求 学历要求：本科及以上学历，计算机相关专业优先 工作经验：3-5 年后端开发经验，有互联网或人力资源系统开发经验优先 技能要求（AI 提取）： Python / FastAPI MySQL / SQLAlchemy RESTful API 设计 大模型应用开发（如 Qwen、LLM 调用） Linux 环境开发 Git 版本控制 四、其他信息 福利待遇：五险一金、带薪年假、年度体检、节日福利、弹性工作制、定期技术分享会 工作氛围：扁平化管理，技术氛围浓厚，支持个人技术成长与创新实践 发展空间：可参与核心项目架构设计，有机会接触前沿 AI 技术与国产化适配方案', '{"job_title": "高级 Python 后端工程师", "salary_range": "20K-30K・14 薪", "location": "江苏省南京市建邺区", "job_type": "全职", "required_skills": ["Python", "FastAPI", "MySQL", "SQLAlchemy", "RESTful API", "大模型应用开发", "Linux", "Git"], "required_education": "本科及以上学历，计算机相关专业优先", "required_experience": "3-5 年后端开发经验，有互联网或人力资源系统开发经验优先", "job_responsibilities": ["负责公司人才匹配系统后端架构设计与开发，基于 FastAPI 搭建高性能、高可用的 RESTful API", "参与系统核心模块（AI 解析、匹配算法、能力图谱）的开发与优化，解决高并发、大数据量场景下的性能问题", "负责后端服务的部署、监控与维护，处理线上问题，保障系统稳定运行"], "job_requirements": ["熟练掌握 Python 语言，有扎实的语法基础，熟悉 FastAPI 框架开发", "熟悉 MySQL 数据库，能独立完成 SQL 编写、索引优化与性能调优", "了解 NLP 或大模型应用开发，有简历解析、文本匹配相关项目经验优先"], "benefits": ["五险一金", "带薪年假", "年度体检"], "company_intro": "未提供", "highlights": ["扁平化管理，技术氛围浓厚，支持个人技术成长与创新实践", "可参与核心项目架构设计，有机会接触前沿 AI 技术与国产化适配方案"]}', '["Python", "FastAPI", "MySQL", "SQLAlchemy", "RESTful API", "大模型应用开发", "Linux", "Git"]', '熟练掌握 Python 语言，有扎实的语法基础，熟悉 FastAPI 框架开发
熟悉 MySQL 数据库，能独立完成 SQL 编写、索引优化与性能调优
了解 NLP 或大模型应用开发，有简历解析、文本匹配相关项目经验优先', '20K-30K・14 薪', '高级 Python 后端工程师', 'completed', 0, '2026-04-19 15:13:16.340369', '2026-04-19 15:13:16.340369');
INSERT INTO ai_job_parse (id, job_id, user_id, raw_text, parsed_result, required_skills, job_requirements, salary_range, job_title, parse_status, is_manual_modified, created_at, updated_at) VALUES (4, NULL, '088e8a07-e365-4955-99f2-894c77fcd5d4', '高级 Python 后端工程师 岗位说明书 一、基本信息 岗位名称：高级 Python 后端工程师 薪资范围：20K-30K・14 薪 工作地点：江苏省南京市建邺区 工作时间：朝九晚六周末双休，法定节假日正常休息 所属部门：技术研发部 岗位类型：全职 招聘人数：2 人 二、岗位描述 岗位职责 负责公司人才匹配系统后端架构设计与开发，基于 FastAPI 搭建高性能、高可用的 RESTful API； 参与系统核心模块（AI 解析、匹配算法、能力图谱）的开发与优化，解决高并发、大数据量场景下的性能问题； 与前端、算法团队协作，完成业务需求的全流程落地，保障产品迭代效率； 负责后端服务的部署、监控与维护，处理线上问题，保障系统稳定运行； 参与技术方案评审、代码 Review，推动团队技术规范落地。 岗位需求 熟练掌握 Python 语言，有扎实的语法基础，熟悉 FastAPI 框架开发； 熟悉 MySQL 数据库，能独立完成 SQL 编写、索引优化与性能调优； 了解 NLP 或大模型应用开发，有简历解析、文本匹配相关项目经验优先； 熟悉 Linux 开发环境，掌握 Git 版本控制工具； 有良好的问题排查能力、沟通能力和团队协作意识。 三、任职要求 学历要求：本科及以上学历，计算机相关专业优先 工作经验：3-5 年后端开发经验，有互联网或人力资源系统开发经验优先 技能要求（AI 提取）： Python / FastAPI MySQL / SQLAlchemy RESTful API 设计 大模型应用开发（如 Qwen、LLM 调用） Linux 环境开发 Git 版本控制 四、其他信息 福利待遇：五险一金、带薪年假、年度体检、节日福利、弹性工作制、定期技术分享会 工作氛围：扁平化管理，技术氛围浓厚，支持个人技术成长与创新实践 发展空间：可参与核心项目架构设计，有机会接触前沿 AI 技术与国产化适配方案', '{"job_title": "高级 Python 后端工程师", "salary_range": "20K-30K・14 薪", "location": "江苏省南京市建邺区", "job_type": "全职", "required_skills": ["Python", "FastAPI", "MySQL", "SQLAlchemy", "RESTful API", "大模型应用开发", "Linux", "Git"], "required_education": "本科及以上学历，计算机相关专业优先", "required_experience": "3-5 年后端开发经验，有互联网或人力资源系统开发经验优先", "job_responsibilities": ["负责公司人才匹配系统后端架构设计与开发，基于 FastAPI 搭建高性能、高可用的 RESTful API", "参与系统核心模块（AI 解析、匹配算法、能力图谱）的开发与优化，解决高并发、大数据量场景下的性能问题", "与前端、算法团队协作，完成业务需求的全流程落地，保障产品迭代效率"], "job_requirements": ["熟练掌握 Python 语言，有扎实的语法基础，熟悉 FastAPI 框架开发", "熟悉 MySQL 数据库，能独立完成 SQL 编写、索引优化与性能调优", "了解 NLP 或大模型应用开发，有简历解析、文本匹配相关项目经验优先"], "benefits": ["五险一金", "带薪年假", "年度体检", "节日福利", "弹性工作制", "定期技术分享会"], "company_intro": "未提供", "highlights": ["扁平化管理，技术氛围浓厚，支持个人技术成长与创新实践", "可参与核心项目架构设计，有机会接触前沿 AI 技术与国产化适配方案"]}', '["Python", "FastAPI", "MySQL", "SQLAlchemy", "RESTful API", "大模型应用开发", "Linux", "Git"]', '熟练掌握 Python 语言，有扎实的语法基础，熟悉 FastAPI 框架开发
熟悉 MySQL 数据库，能独立完成 SQL 编写、索引优化与性能调优
了解 NLP 或大模型应用开发，有简历解析、文本匹配相关项目经验优先', '20K-30K・14 薪', '高级 Python 后端工程师', 'completed', 0, '2026-04-19 15:14:58.181175', '2026-04-19 15:14:58.181175');
INSERT INTO ai_job_parse (id, job_id, user_id, raw_text, parsed_result, required_skills, job_requirements, salary_range, job_title, parse_status, is_manual_modified, created_at, updated_at) VALUES (5, NULL, '088e8a07-e365-4955-99f2-894c77fcd5d4', '高级 Python 后端工程师 岗位说明书 一、基本信息 岗位名称：高级 Python 后端工程师 薪资范围：20K-30K・14 薪 工作地点：江苏省南京市建邺区 工作时间：朝九晚六周末双休，法定节假日正常休息 所属部门：技术研发部 岗位类型：全职 招聘人数：2 人 二、岗位描述 岗位职责 负责公司人才匹配系统后端架构设计与开发，基于 FastAPI 搭建高性能、高可用的 RESTful API； 参与系统核心模块（AI 解析、匹配算法、能力图谱）的开发与优化，解决高并发、大数据量场景下的性能问题； 与前端、算法团队协作，完成业务需求的全流程落地，保障产品迭代效率； 负责后端服务的部署、监控与维护，处理线上问题，保障系统稳定运行； 参与技术方案评审、代码 Review，推动团队技术规范落地。 岗位需求 熟练掌握 Python 语言，有扎实的语法基础，熟悉 FastAPI 框架开发； 熟悉 MySQL 数据库，能独立完成 SQL 编写、索引优化与性能调优； 了解 NLP 或大模型应用开发，有简历解析、文本匹配相关项目经验优先； 熟悉 Linux 开发环境，掌握 Git 版本控制工具； 有良好的问题排查能力、沟通能力和团队协作意识。 三、任职要求 学历要求：本科及以上学历，计算机相关专业优先 工作经验：3-5 年后端开发经验，有互联网或人力资源系统开发经验优先 技能要求（AI 提取）： Python / FastAPI MySQL / SQLAlchemy RESTful API 设计 大模型应用开发（如 Qwen、LLM 调用） Linux 环境开发 Git 版本控制 四、其他信息 福利待遇：五险一金、带薪年假、年度体检、节日福利、弹性工作制、定期技术分享会 工作氛围：扁平化管理，技术氛围浓厚，支持个人技术成长与创新实践 发展空间：可参与核心项目架构设计，有机会接触前沿 AI 技术与国产化适配方案', '{"job_title": "高级 Python 后端工程师", "salary_range": "20K-30K・14 薪", "location": "江苏省南京市建邺区", "job_type": "全职", "required_skills": ["Python", "FastAPI", "MySQL", "SQLAlchemy", "RESTful API", "大模型应用开发", "Linux", "Git"], "required_education": "本科及以上学历，计算机相关专业优先", "required_experience": "3-5 年后端开发经验，有互联网或人力资源系统开发经验优先", "job_responsibilities": ["负责公司人才匹配系统后端架构设计与开发，基于 FastAPI 搭建高性能、高可用的 RESTful API", "参与系统核心模块（AI 解析、匹配算法、能力图谱）的开发与优化，解决高并发、大数据量场景下的性能问题", "负责后端服务的部署、监控与维护，处理线上问题，保障系统稳定运行"], "job_requirements": ["熟练掌握 Python 语言，有扎实的语法基础，熟悉 FastAPI 框架开发", "熟悉 MySQL 数据库，能独立完成 SQL 编写、索引优化与性能调优", "了解 NLP 或大模型应用开发，有简历解析、文本匹配相关项目经验优先"], "benefits": ["五险一金", "带薪年假", "年度体检"], "company_intro": "未提供", "highlights": ["扁平化管理，技术氛围浓厚，支持个人技术成长与创新实践", "可参与核心项目架构设计，有机会接触前沿 AI 技术与国产化适配方案"]}', '["Python", "FastAPI", "MySQL", "SQLAlchemy", "RESTful API", "大模型应用开发", "Linux", "Git"]', '熟练掌握 Python 语言，有扎实的语法基础，熟悉 FastAPI 框架开发
熟悉 MySQL 数据库，能独立完成 SQL 编写、索引优化与性能调优
了解 NLP 或大模型应用开发，有简历解析、文本匹配相关项目经验优先', '20K-30K・14 薪', '高级 Python 后端工程师', 'completed', 0, '2026-04-20 20:44:32.922332', '2026-04-20 20:44:32.922332');
INSERT INTO ai_job_parse (id, job_id, user_id, raw_text, parsed_result, required_skills, job_requirements, salary_range, job_title, parse_status, is_manual_modified, created_at, updated_at) VALUES (6, NULL, '088e8a07-e365-4955-99f2-894c77fcd5d4', '高级 Python 后端工程师 岗位说明书 一、基本信息 岗位名称：高级 Python 后端工程师 薪资范围：20K-30K・14 薪 工作地点：江苏省南京市建邺区 工作时间：朝九晚六周末双休，法定节假日正常休息 所属部门：技术研发部 岗位类型：全职 招聘人数：2 人 二、岗位描述 岗位职责 负责公司人才匹配系统后端架构设计与开发，基于 FastAPI 搭建高性能、高可用的 RESTful API； 参与系统核心模块（AI 解析、匹配算法、能力图谱）的开发与优化，解决高并发、大数据量场景下的性能问题； 与前端、算法团队协作，完成业务需求的全流程落地，保障产品迭代效率； 负责后端服务的部署、监控与维护，处理线上问题，保障系统稳定运行； 参与技术方案评审、代码 Review，推动团队技术规范落地。 岗位需求 熟练掌握 Python 语言，有扎实的语法基础，熟悉 FastAPI 框架开发； 熟悉 MySQL 数据库，能独立完成 SQL 编写、索引优化与性能调优； 了解 NLP 或大模型应用开发，有简历解析、文本匹配相关项目经验优先； 熟悉 Linux 开发环境，掌握 Git 版本控制工具； 有良好的问题排查能力、沟通能力和团队协作意识。 三、任职要求 学历要求：本科及以上学历，计算机相关专业优先 工作经验：3-5 年后端开发经验，有互联网或人力资源系统开发经验优先 技能要求（AI 提取）： Python / FastAPI MySQL / SQLAlchemy RESTful API 设计 大模型应用开发（如 Qwen、LLM 调用） Linux 环境开发 Git 版本控制 四、其他信息 福利待遇：五险一金、带薪年假、年度体检、节日福利、弹性工作制、定期技术分享会 工作氛围：扁平化管理，技术氛围浓厚，支持个人技术成长与创新实践 发展空间：可参与核心项目架构设计，有机会接触前沿 AI 技术与国产化适配方案', '{"job_title": "高级 Python 后端工程师", "salary_range": "20K-30K・14 薪", "location": "江苏省南京市建邺区", "job_type": "全职", "required_skills": ["Python", "FastAPI", "MySQL", "SQLAlchemy", "RESTful API", "大模型应用开发", "Linux", "Git"], "required_education": "本科及以上学历，计算机相关专业优先", "required_experience": "3-5 年后端开发经验，有互联网或人力资源系统开发经验优先", "job_responsibilities": ["负责公司人才匹配系统后端架构设计与开发，基于 FastAPI 搭建高性能、高可用的 RESTful API", "参与系统核心模块（AI 解析、匹配算法、能力图谱）的开发与优化，解决高并发、大数据量场景下的性能问题", "负责后端服务的部署、监控与维护，处理线上问题，保障系统稳定运行"], "job_requirements": ["熟练掌握 Python 语言，有扎实的语法基础，熟悉 FastAPI 框架开发", "熟悉 MySQL 数据库，能独立完成 SQL 编写、索引优化与性能调优", "了解 NLP 或大模型应用开发，有简历解析、文本匹配相关项目经验优先"], "benefits": ["五险一金", "带薪年假", "年度体检", "节日福利", "弹性工作制", "定期技术分享会"], "company_intro": "未提供", "highlights": ["扁平化管理，技术氛围浓厚，支持个人技术成长与创新实践", "可参与核心项目架构设计，有机会接触前沿 AI 技术与国产化适配方案"]}', '["Python", "FastAPI", "MySQL", "SQLAlchemy", "RESTful API", "大模型应用开发", "Linux", "Git"]', '熟练掌握 Python 语言，有扎实的语法基础，熟悉 FastAPI 框架开发
熟悉 MySQL 数据库，能独立完成 SQL 编写、索引优化与性能调优
了解 NLP 或大模型应用开发，有简历解析、文本匹配相关项目经验优先', '20K-30K・14 薪', '高级 Python 后端工程师', 'completed', 0, '2026-04-22 15:13:59.389359', '2026-04-22 15:13:59.389359');
SET IDENTITY_INSERT ai_job_parse OFF;
COMMIT;
EXIT;